customer_id,first_name,last_name,email,country,city,signup_date,segment,referred_by
1,Zoe,Aziz,zoe.aziz1@example.com,Jordan,Irbid,2025-11-04,enterprise,
2,Ava,Evans,ava.evans2@example.com,United States,New York,2024-09-04,consumer,
3,Chloe,Farouk,chloe.farouk3@example.com,United Kingdom,Manchester,2024-01-28,consumer,
4,Hassan,Saleh,hassan.saleh4@example.com,United Kingdom,Bristol,2024-06-14,consumer,
5,Daniel,Hussein,daniel.hussein5@example.com,United Kingdom,London,2025-02-28,consumer,
6,Hassan,Aziz,hassan.aziz6@example.com,United States,Chicago,2025-05-04,small_business,
7,Ivy,Taylor,ivy.taylor7@example.com,United States,Seattle,2024-05-26,enterprise,
8,Ali,Youssef,ali.youssef8@example.com,United Kingdom,Manchester,2024-12-09,consumer,
9,Emily,Evans,emily.evans9@example.com,United States,Chicago,2024-07-24,consumer,
10,Dina,Martin,dina.martin10@example.com,United States,Seattle,2024-12-31,small_business,
11,Lea,Evans,lea.evans11@example.com,Saudi Arabia,Jeddah,2024-09-14,consumer,
12,Hana,Smith,hana.smith12@example.com,Canada,Toronto,2025-07-04,consumer,
13,Ivy,Evans,ivy.evans13@example.com,Saudi Arabia,Jeddah,2025-08-01,consumer,
14,Emily,Gagnon,emily.gagnon14@example.com,United Kingdom,Bristol,2025-05-26,consumer,
15,Lea,Smith,lea.smith15@example.com,United Kingdom,Manchester,2025-07-21,small_business,
16,Ali,Evans,ali.evans16@example.com,Saudi Arabia,Jeddah,2025-07-28,consumer,
17,Lukas,Farouk,lukas.farouk17@example.com,Germany,Hamburg,2024-11-21,consumer,
18,Farah,Nasser,farah.nasser18@example.com,United Kingdom,London,2025-05-20,consumer,
19,Ava,Taylor,ava.taylor19@example.com,Germany,Munich,2024-01-10,consumer,
20,James,Mostafa,james.mostafa20@example.com,Saudi Arabia,Jeddah,2025-10-03,consumer,
21,Hannah,Youssef,hannah.youssef21@example.com,Egypt,Cairo,2024-11-15,consumer,
22,Sophie,Youssef,sophie.youssef22@example.com,United States,Chicago,2025-08-31,consumer,
23,Hana,Haddad,hana.haddad23@example.com,United States,Chicago,2024-08-05,consumer,
24,Daniel,Evans,daniel.evans24@example.com,Saudi Arabia,Riyadh,2024-01-05,consumer,
25,Hana,Aziz,hana.aziz25@example.com,United Kingdom,Bristol,2024-05-28,consumer,
26,Farah,Youssef,farah.youssef26@example.com,Saudi Arabia,Riyadh,2024-04-25,small_business,
27,Chloe,Walker,chloe.walker27@example.com,Saudi Arabia,Dammam,2025-04-07,consumer,
28,Jonas,Walker,jonas.walker28@example.com,Egypt,Mansoura,2024-12-26,consumer,
29,Chloe,Clarke,chloe.clarke29@example.com,United States,Seattle,2024-09-22,consumer,
30,Youssef,Brown,youssef.brown30@example.com,United Kingdom,Bristol,2024-04-26,small_business,
31,Oliver,Müller,oliver.muller31@example.com,Saudi Arabia,Dammam,2024-10-14,consumer,
32,Reem,Weber,reem.weber32@example.com,United States,Chicago,2025-10-09,consumer,
33,Hana,Brown,hana.brown33@example.com,Canada,Montreal,2024-02-18,consumer,
34,Salma,Schmidt,salma.schmidt34@example.com,United States,Austin,2024-10-18,consumer,
35,Ivy,Haddad,ivy.haddad35@example.com,United Kingdom,London,2024-09-04,consumer,
36,Farah,Brown,farah.brown36@example.com,Egypt,Giza,2025-03-17,small_business,
37,Ella,Clarke,ella.clarke37@example.com,United Kingdom,Bristol,2024-04-17,consumer,
38,Karim,Hussein,karim.hussein38@example.com,Germany,Munich,2024-04-12,consumer,
39,Hana,Roy,hana.roy39@example.com,United Kingdom,Bristol,2025-01-24,consumer,
40,Sophie,Wilson,sophie.wilson40@example.com,Saudi Arabia,Riyadh,2024-10-12,consumer,
41,Daniel,Gagnon,daniel.gagnon41@example.com,United States,Seattle,2024-09-23,small_business,
42,Zoe,Weber,zoe.weber42@example.com,United Arab Emirates,Sharjah,2025-05-06,small_business,
43,Emily,Fischer,emily.fischer43@example.com,United Arab Emirates,Dubai,2024-03-09,consumer,
44,Lea,Rahman,lea.rahman44@example.com,Jordan,Amman,2025-08-19,consumer,
45,Tariq,Taylor,tariq.taylor45@example.com,Egypt,Alexandria,2024-12-30,consumer,
46,Ella,Roy,ella.roy46@example.com,Saudi Arabia,Riyadh,2024-02-02,consumer,
47,Ali,Youssef,ali.youssef47@example.com,United Kingdom,London,2024-03-24,consumer,40
48,Layla,Weber,layla.weber48@example.com,United Arab Emirates,Abu Dhabi,2024-03-06,consumer,
49,Mariam,Aziz,mariam.aziz49@example.com,United Kingdom,Leeds,2024-08-04,consumer,
50,Ivy,Evans,ivy.evans50@example.com,United Kingdom,London,2024-07-24,consumer,
51,Ava,Evans,ava.evans51@example.com,United States,Seattle,2024-11-18,consumer,
52,Zoe,Khalil,zoe.khalil52@example.com,Egypt,Alexandria,2025-04-09,consumer,
53,Dina,Saleh,dina.saleh53@example.com,United States,Chicago,2024-02-04,enterprise,1
54,Youssef,Müller,youssef.muller54@example.com,Germany,Hamburg,2025-04-15,consumer,
55,Adam,Gagnon,adam.gagnon55@example.com,United Arab Emirates,Dubai,2024-04-14,consumer,
56,Lukas,Weber,lukas.weber56@example.com,United States,Austin,2024-11-14,consumer,
57,Jonas,Martin,jonas.martin57@example.com,Jordan,Amman,2024-01-24,consumer,
58,Leo,Ibrahim,leo.ibrahim58@example.com,Germany,Munich,2025-04-03,consumer,
59,Hannah,Youssef,hannah.youssef59@example.com,Canada,Vancouver,2025-02-26,consumer,
60,Hassan,Taylor,hassan.taylor60@example.com,United Arab Emirates,Abu Dhabi,2024-05-27,consumer,52
61,Farah,Hussein,farah.hussein61@example.com,United Kingdom,Manchester,2025-02-25,consumer,
62,Salma,Khalil,salma.khalil62@example.com,United Kingdom,London,2025-11-11,consumer,19
63,Karim,Ibrahim,karim.ibrahim63@example.com,Saudi Arabia,Jeddah,2025-08-19,small_business,
64,Hassan,Müller,hassan.muller64@example.com,Egypt,Cairo,2025-08-12,consumer,26
65,Daniel,Brown,daniel.brown65@example.com,United States,New York,2025-03-06,consumer,25
66,Salma,Saleh,salma.saleh66@example.com,United Kingdom,Leeds,2024-10-02,consumer,
67,Grace,Schmidt,grace.schmidt67@example.com,Germany,Berlin,2024-02-04,small_business,
68,Ivy,Hussein,ivy.hussein68@example.com,United States,Chicago,2024-01-13,consumer,
69,Sara,Farouk,sara.farouk69@example.com,United Kingdom,Leeds,2024-04-23,consumer,
70,Omar,Walker,omar.walker70@example.com,United States,Chicago,2024-04-21,small_business,
71,Layla,Mansour,layla.mansour71@example.com,United Kingdom,Manchester,2024-02-11,small_business,
72,Chloe,Ibrahim,chloe.ibrahim72@example.com,United Kingdom,Bristol,2024-08-17,consumer,
73,Oliver,Müller,oliver.muller73@example.com,Saudi Arabia,Riyadh,2025-10-18,consumer,
74,Farah,Haddad,farah.haddad74@example.com,United Kingdom,Bristol,2024-04-15,consumer,4
75,Daniel,Ibrahim,daniel.ibrahim75@example.com,Egypt,Mansoura,2025-05-29,consumer,
76,Layla,Taylor,layla.taylor76@example.com,Canada,Montreal,2024-07-11,consumer,
77,Reem,Tremblay,reem.tremblay77@example.com,Germany,Berlin,2024-09-03,small_business,
78,Jonas,Aziz,jonas.aziz78@example.com,Jordan,Amman,2024-02-23,consumer,
79,James,Ibrahim,james.ibrahim79@example.com,United Arab Emirates,Abu Dhabi,2024-12-15,consumer,
80,Ali,Clarke,ali.clarke80@example.com,Saudi Arabia,Dammam,2024-01-22,consumer,
81,Grace,Hussein,grace.hussein81@example.com,United States,Austin,2024-05-18,small_business,
82,Noah,Mostafa,noah.mostafa82@example.com,Canada,Vancouver,2024-05-20,small_business,
83,Ava,Weber,ava.weber83@example.com,Jordan,Amman,2024-05-17,consumer,
84,Dina,Hussein,dina.hussein84@example.com,Germany,Berlin,2024-02-26,consumer,
85,Ali,Evans,ali.evans85@example.com,Germany,Munich,2024-06-01,consumer,
86,Khaled,Roy,khaled.roy86@example.com,Egypt,Cairo,2025-05-16,consumer,
87,Youssef,Roy,youssef.roy87@example.com,Jordan,Irbid,2025-11-09,consumer,42
88,Ryan,Nasser,ryan.nasser88@example.com,United States,Austin,2025-04-19,consumer,
89,Mariam,Brown,mariam.brown89@example.com,United States,Chicago,2024-01-09,consumer,
90,Oliver,Johnson,oliver.johnson90@example.com,Germany,Hamburg,2024-03-24,consumer,29
91,Sara,Hughes,sara.hughes91@example.com,Germany,Berlin,2025-02-11,consumer,
92,Ethan,Gagnon,ethan.gagnon92@example.com,United Kingdom,Manchester,2024-10-22,consumer,
93,Lukas,Saleh,lukas.saleh93@example.com,Jordan,Amman,2024-03-03,consumer,
94,Khaled,Hussein,khaled.hussein94@example.com,United Arab Emirates,Dubai,2024-12-04,consumer,
95,Zoe,Hussein,zoe.hussein95@example.com,United Kingdom,Manchester,2025-04-24,consumer,
96,Grace,Farouk,grace.farouk96@example.com,Egypt,Giza,2024-10-13,consumer,
97,Sophie,Nasser,sophie.nasser97@example.com,Canada,Toronto,2025-06-10,small_business,
98,Ryan,Youssef,ryan.youssef98@example.com,United States,New York,2025-01-23,consumer,
99,Nour,Hussein,nour.hussein99@example.com,Germany,Hamburg,2025-10-16,small_business,6
100,Liam,Johnson,liam.johnson100@example.com,Egypt,Alexandria,2024-10-05,consumer,
101,Tariq,Evans,tariq.evans101@example.com,Saudi Arabia,Dammam,2024-08-09,consumer,15
102,Lukas,Clarke,lukas.clarke102@example.com,United Arab Emirates,Sharjah,2024-07-01,consumer,
103,Jonas,Tremblay,jonas.tremblay103@example.com,Egypt,Alexandria,2025-07-27,consumer,62
104,Daniel,Smith,daniel.smith104@example.com,Germany,Munich,2025-11-17,small_business,13
105,Ethan,Walker,ethan.walker105@example.com,Jordan,Amman,2024-11-16,consumer,
106,Sophie,Nasser,sophie.nasser106@example.com,Egypt,Giza,2024-11-19,consumer,
107,Grace,Hussein,grace.hussein107@example.com,Jordan,Irbid,2024-04-16,small_business,
108,Lea,Weber,lea.weber108@example.com,Germany,Hamburg,2024-03-12,consumer,
109,Hassan,Mostafa,hassan.mostafa109@example.com,United States,New York,2025-01-06,consumer,
110,Noah,Roy,noah.roy110@example.com,United Arab Emirates,Sharjah,2024-04-05,consumer,
111,Ethan,Smith,ethan.smith111@example.com,United Kingdom,Bristol,2024-01-13,consumer,
112,Liam,Gagnon,liam.gagnon112@example.com,Saudi Arabia,Riyadh,2025-03-16,consumer,
113,Leo,Evans,leo.evans113@example.com,Jordan,Amman,2025-09-15,consumer,
114,Tariq,Rahman,tariq.rahman114@example.com,United States,Austin,2024-09-03,consumer,
115,Salma,Johnson,salma.johnson115@example.com,United Arab Emirates,Abu Dhabi,2024-01-01,consumer,
116,Ali,Ibrahim,ali.ibrahim116@example.com,United Arab Emirates,Dubai,2024-10-25,consumer,
117,Emily,Farouk,emily.farouk117@example.com,United Kingdom,London,2024-02-01,consumer,
118,Layla,Taylor,layla.taylor118@example.com,United States,Seattle,2025-02-26,consumer,
119,Hassan,Hughes,hassan.hughes119@example.com,Germany,Berlin,2024-01-06,consumer,
120,Lea,Roy,lea.roy120@example.com,Germany,Berlin,2024-08-21,consumer,
121,Dina,Khalil,dina.khalil121@example.com,United States,New York,2025-01-06,consumer,
122,Oliver,Tremblay,oliver.tremblay122@example.com,United States,Seattle,2024-06-25,consumer,
123,Layla,Smith,layla.smith123@example.com,Egypt,Cairo,2024-12-26,consumer,
124,Karim,Aziz,karim.aziz124@example.com,United Arab Emirates,Abu Dhabi,2024-03-10,consumer,
125,James,Weber,james.weber125@example.com,United Kingdom,Bristol,2025-08-01,consumer,
126,Layla,Tremblay,layla.tremblay126@example.com,Canada,Toronto,2024-07-10,consumer,
127,Salma,Schmidt,salma.schmidt127@example.com,Egypt,Mansoura,2024-07-15,enterprise,60
128,Felix,Clarke,felix.clarke128@example.com,United Kingdom,London,2024-06-08,consumer,
129,Ahmed,Brown,ahmed.brown129@example.com,Egypt,Giza,2025-02-16,consumer,73
130,Mia,Taylor,mia.taylor130@example.com,Canada,Montreal,2024-11-28,consumer,
131,Hannah,Farouk,hannah.farouk131@example.com,Canada,Toronto,2024-11-04,consumer,107
132,Jonas,Ibrahim,jonas.ibrahim132@example.com,Saudi Arabia,Jeddah,2024-01-23,consumer,
133,Hannah,Farouk,hannah.farouk133@example.com,Saudi Arabia,Jeddah,2025-01-03,consumer,
134,Omar,Hughes,omar.hughes134@example.com,Saudi Arabia,Jeddah,2024-11-21,small_business,58
135,Ryan,Gagnon,ryan.gagnon135@example.com,Saudi Arabia,Riyadh,2024-10-06,consumer,
136,Ella,Weber,ella.weber136@example.com,United States,Austin,2024-02-24,consumer,
137,Ethan,Ibrahim,ethan.ibrahim137@example.com,United Kingdom,London,2025-08-19,consumer,
138,Sophie,Youssef,sophie.youssef138@example.com,Germany,Hamburg,2025-02-03,consumer,
139,Adam,Hughes,adam.hughes139@example.com,United Kingdom,Leeds,2025-03-27,consumer,
140,James,Khalil,james.khalil140@example.com,United States,Austin,2024-01-01,small_business,37
141,Youssef,Fischer,youssef.fischer141@example.com,United States,Austin,2024-08-13,consumer,
142,Ethan,Smith,ethan.smith142@example.com,United States,Seattle,2024-01-12,consumer,6
143,Omar,Martin,omar.martin143@example.com,Egypt,Alexandria,2024-02-08,consumer,
144,Felix,Gagnon,felix.gagnon144@example.com,Germany,Munich,2024-02-11,consumer,125
145,Sophie,Aziz,sophie.aziz145@example.com,Saudi Arabia,Dammam,2024-05-30,consumer,73
146,Jonas,Nasser,jonas.nasser146@example.com,Egypt,Cairo,2024-12-17,consumer,
147,Ivy,Schmidt,ivy.schmidt147@example.com,Saudi Arabia,Jeddah,2024-10-29,consumer,112
148,Lukas,Mansour,lukas.mansour148@example.com,Canada,Montreal,2025-04-24,consumer,
149,Hassan,Haddad,hassan.haddad149@example.com,Germany,Hamburg,2025-06-29,consumer,
150,Emily,Hussein,emily.hussein150@example.com,United Kingdom,Bristol,2024-08-26,small_business,
151,Hannah,Ibrahim,hannah.ibrahim151@example.com,United Arab Emirates,Sharjah,2025-09-07,consumer,
152,Karim,Taylor,karim.taylor152@example.com,Saudi Arabia,Riyadh,2025-07-19,consumer,
153,Omar,Martin,omar.martin153@example.com,Jordan,Amman,2024-03-14,consumer,
154,Farah,Ibrahim,farah.ibrahim154@example.com,Egypt,Alexandria,2025-09-04,consumer,
155,Felix,Khalil,felix.khalil155@example.com,Canada,Montreal,2024-07-15,consumer,
156,Chloe,Johnson,chloe.johnson156@example.com,Germany,Munich,2024-06-06,consumer,
157,Ivy,Wilson,ivy.wilson157@example.com,United States,Austin,2024-08-06,small_business,
158,Daniel,Mansour,daniel.mansour158@example.com,Saudi Arabia,Dammam,2025-08-10,consumer,
159,Mia,Aziz,mia.aziz159@example.com,United Kingdom,Bristol,2025-10-10,consumer,
160,Salma,Mostafa,salma.mostafa160@example.com,Saudi Arabia,Dammam,2024-12-25,consumer,
161,Salma,Smith,salma.smith161@example.com,Saudi Arabia,Riyadh,2024-01-18,consumer,
162,Noah,Aziz,noah.aziz162@example.com,United Kingdom,Leeds,2025-03-11,consumer,
163,Ryan,Mostafa,ryan.mostafa163@example.com,United Arab Emirates,Dubai,2025-11-29,consumer,
164,Dina,Smith,dina.smith164@example.com,Germany,Munich,2025-04-21,consumer,
165,Ahmed,Nasser,ahmed.nasser165@example.com,Canada,Montreal,2024-12-31,consumer,
166,Mia,Haddad,mia.haddad166@example.com,Egypt,Giza,2025-11-07,consumer,
167,Salma,Evans,salma.evans167@example.com,Germany,Munich,2024-04-26,consumer,
168,Dina,Clarke,dina.clarke168@example.com,United States,Chicago,2024-07-14,consumer,
169,Ali,Clarke,ali.clarke169@example.com,United Kingdom,Bristol,2025-07-31,consumer,
170,Felix,Rahman,felix.rahman170@example.com,Germany,Hamburg,2024-05-27,enterprise,
171,Ali,Martin,ali.martin171@example.com,Egypt,Giza,2025-08-01,consumer,
172,Emily,Roy,emily.roy172@example.com,Egypt,Giza,2024-05-18,consumer,
173,Reem,Brown,reem.brown173@example.com,Germany,Munich,2024-12-13,small_business,
174,Lea,Schmidt,lea.schmidt174@example.com,United States,New York,2024-08-06,consumer,
175,Hana,Hussein,hana.hussein175@example.com,Saudi Arabia,Jeddah,2024-02-07,small_business,
176,James,Saleh,james.saleh176@example.com,Saudi Arabia,Dammam,2024-08-20,consumer,
177,Karim,Fischer,karim.fischer177@example.com,United Arab Emirates,Dubai,2024-05-06,small_business,
178,Omar,Weber,omar.weber178@example.com,United Arab Emirates,Dubai,2025-04-09,consumer,
179,Ivy,Youssef,ivy.youssef179@example.com,Saudi Arabia,Dammam,2024-02-26,consumer,
180,Mia,Ahmed,mia.ahmed180@example.com,Canada,Vancouver,2025-04-23,consumer,85
181,Ryan,Smith,ryan.smith181@example.com,Saudi Arabia,Dammam,2024-01-29,consumer,
182,Sophie,Gagnon,sophie.gagnon182@example.com,United Arab Emirates,Dubai,2025-01-05,enterprise,
183,Jonas,Mostafa,jonas.mostafa183@example.com,United States,Chicago,2025-05-16,consumer,
184,Hassan,Martin,hassan.martin184@example.com,United Kingdom,Manchester,2024-12-10,consumer,
185,Felix,Aziz,felix.aziz185@example.com,Germany,Berlin,2024-07-22,small_business,
186,Grace,Ahmed,grace.ahmed186@example.com,Saudi Arabia,Jeddah,2025-11-18,consumer,63
187,Ivy,Johnson,ivy.johnson187@example.com,Egypt,Alexandria,2024-01-02,consumer,68
188,Hassan,Gagnon,hassan.gagnon188@example.com,Egypt,Giza,2024-04-22,consumer,
189,Leo,Saleh,leo.saleh189@example.com,United States,Austin,2024-01-31,consumer,
190,Nour,Hussein,nour.hussein190@example.com,United Kingdom,Manchester,2024-08-07,consumer,
191,Nour,Evans,nour.evans191@example.com,United Arab Emirates,Dubai,2025-03-16,consumer,
192,Ahmed,Johnson,ahmed.johnson192@example.com,United States,Chicago,2025-11-29,consumer,
193,Ali,Johnson,ali.johnson193@example.com,Saudi Arabia,Jeddah,2025-01-23,consumer,
194,Hana,Wilson,hana.wilson194@example.com,Canada,Montreal,2024-01-29,consumer,
195,Hannah,Hussein,hannah.hussein195@example.com,Saudi Arabia,Dammam,2024-10-18,consumer,
196,Sara,Brown,sara.brown196@example.com,United Arab Emirates,Dubai,2024-01-28,consumer,
197,Sophie,Hussein,sophie.hussein197@example.com,Canada,Vancouver,2024-06-28,consumer,
198,Daniel,Ibrahim,daniel.ibrahim198@example.com,United States,Seattle,2025-06-06,consumer,
199,Ali,Clarke,ali.clarke199@example.com,Saudi Arabia,Jeddah,2024-10-12,consumer,
200,Khaled,Ibrahim,khaled.ibrahim200@example.com,Saudi Arabia,Jeddah,2024-07-14,consumer,
201,Farah,Ahmed,farah.ahmed201@example.com,United Arab Emirates,Dubai,2024-06-20,consumer,
202,Jonas,Walker,jonas.walker202@example.com,Egypt,Giza,2025-01-29,consumer,
203,Zoe,Youssef,zoe.youssef203@example.com,United Arab Emirates,Dubai,2024-01-01,consumer,
204,Sara,Walker,sara.walker204@example.com,Saudi Arabia,Dammam,2024-05-06,consumer,
205,Leo,Ahmed,leo.ahmed205@example.com,Canada,Montreal,2025-09-27,consumer,
206,Hassan,Youssef,hassan.youssef206@example.com,Jordan,Amman,2024-01-08,consumer,
207,Hassan,Hughes,hassan.hughes207@example.com,United States,New York,2025-03-25,consumer,
208,Farah,Youssef,farah.youssef208@example.com,Canada,Vancouver,2025-09-22,consumer,160
209,Adam,Mostafa,adam.mostafa209@example.com,United Kingdom,Leeds,2024-10-17,small_business,
210,Liam,Walker,liam.walker210@example.com,Egypt,Alexandria,2025-05-13,consumer,
211,Jonas,Khalil,jonas.khalil211@example.com,Egypt,Alexandria,2024-10-29,enterprise,
212,Liam,Aziz,liam.aziz212@example.com,United States,Austin,2025-03-18,enterprise,
213,Tariq,Fischer,tariq.fischer213@example.com,Saudi Arabia,Jeddah,2024-05-11,consumer,
214,Ali,Martin,ali.martin214@example.com,Egypt,Giza,2024-12-20,consumer,
215,Ethan,Gagnon,ethan.gagnon215@example.com,United Arab Emirates,Sharjah,2024-06-13,consumer,
216,Hassan,Martin,hassan.martin216@example.com,Germany,Berlin,2025-08-30,consumer,
217,Ella,Tremblay,ella.tremblay217@example.com,United States,Austin,2024-11-16,consumer,194
218,Liam,Hughes,liam.hughes218@example.com,Germany,Hamburg,2024-08-18,consumer,
219,Jonas,Gagnon,jonas.gagnon219@example.com,United States,Chicago,2024-09-28,consumer,
220,Mia,Roy,mia.roy220@example.com,Jordan,Irbid,2025-05-16,consumer,
221,Ava,Khalil,ava.khalil221@example.com,United Arab Emirates,Abu Dhabi,2024-07-21,consumer,
222,Jonas,Youssef,jonas.youssef222@example.com,Canada,Vancouver,2024-02-28,consumer,
223,Hannah,Aziz,hannah.aziz223@example.com,Germany,Munich,2025-04-02,consumer,
224,Nour,Evans,nour.evans224@example.com,Germany,Hamburg,2025-11-13,small_business,
225,Ella,Aziz,ella.aziz225@example.com,Germany,Munich,2024-01-22,small_business,
226,Ava,Hughes,ava.hughes226@example.com,United Kingdom,Manchester,2024-01-08,consumer,
227,Layla,Nasser,layla.nasser227@example.com,United Kingdom,Leeds,2025-01-17,consumer,217
228,Chloe,Evans,chloe.evans228@example.com,United States,Seattle,2024-02-21,consumer,160
229,Adam,Farouk,adam.farouk229@example.com,Egypt,Giza,2025-05-08,consumer,
230,Mariam,Aziz,mariam.aziz230@example.com,Saudi Arabia,Dammam,2025-01-30,consumer,
231,Liam,Ahmed,liam.ahmed231@example.com,Jordan,Amman,2025-09-29,consumer,
232,Ava,Ahmed,ava.ahmed232@example.com,Saudi Arabia,Riyadh,2025-01-08,consumer,
233,Mariam,Youssef,mariam.youssef233@example.com,United Arab Emirates,Dubai,2024-01-28,consumer,
234,Ryan,Mostafa,ryan.mostafa234@example.com,United Arab Emirates,Abu Dhabi,2024-01-15,consumer,84
235,Ryan,Fischer,ryan.fischer235@example.com,United Kingdom,Leeds,2025-07-23,small_business,
236,Omar,Wilson,omar.wilson236@example.com,United Arab Emirates,Abu Dhabi,2024-11-28,consumer,
237,Layla,Wilson,layla.wilson237@example.com,Egypt,Cairo,2025-03-27,consumer,
238,Ryan,Taylor,ryan.taylor238@example.com,Egypt,Alexandria,2024-12-10,consumer,58
239,Mia,Hussein,mia.hussein239@example.com,Saudi Arabia,Riyadh,2024-02-25,consumer,
240,Jonas,Youssef,jonas.youssef240@example.com,United Kingdom,London,2025-09-15,consumer,
241,Jonas,Fischer,jonas.fischer241@example.com,Egypt,Mansoura,2024-01-29,consumer,
242,Karim,Wilson,karim.wilson242@example.com,Canada,Montreal,2025-03-28,consumer,25
243,Hassan,Schmidt,hassan.schmidt243@example.com,Germany,Berlin,2024-06-05,small_business,
244,Zoe,Wilson,zoe.wilson244@example.com,United States,Chicago,2024-11-10,small_business,
245,Mariam,Wilson,mariam.wilson245@example.com,United States,Seattle,2024-05-24,consumer,
246,Zoe,Saleh,zoe.saleh246@example.com,United Arab Emirates,Dubai,2024-12-11,consumer,
247,Chloe,Aziz,chloe.aziz247@example.com,United States,New York,2025-02-04,consumer,
248,James,Walker,james.walker248@example.com,United States,Chicago,2025-04-12,consumer,
249,Reem,Saleh,reem.saleh249@example.com,Germany,Munich,2025-02-23,small_business,
250,Sara,Fischer,sara.fischer250@example.com,United Arab Emirates,Abu Dhabi,2024-09-17,consumer,58
251,Felix,Hussein,felix.hussein251@example.com,Germany,Berlin,2024-05-28,consumer,
252,Daniel,Roy,daniel.roy252@example.com,Egypt,Cairo,2025-08-01,consumer,
253,Liam,Mansour,liam.mansour253@example.com,Canada,Vancouver,2024-08-24,consumer,
254,Omar,Haddad,omar.haddad254@example.com,Canada,Vancouver,2025-03-28,consumer,
255,Khaled,Youssef,khaled.youssef255@example.com,Saudi Arabia,Jeddah,2025-07-13,consumer,
256,Farah,Brown,farah.brown256@example.com,United Kingdom,Manchester,2024-04-06,consumer,
257,Chloe,Weber,chloe.weber257@example.com,Egypt,Giza,2024-08-17,enterprise,
258,Salma,Farouk,salma.farouk258@example.com,United Arab Emirates,Abu Dhabi,2024-02-17,consumer,
259,Omar,Rahman,omar.rahman259@example.com,United States,New York,2025-01-29,consumer,
260,Ava,Johnson,ava.johnson260@example.com,Canada,Montreal,2025-07-03,consumer,
261,Reem,Müller,reem.muller261@example.com,Saudi Arabia,Jeddah,2024-09-27,consumer,
262,Ryan,Khalil,ryan.khalil262@example.com,Egypt,Cairo,2025-01-26,consumer,
263,Nour,Taylor,nour.taylor263@example.com,Canada,Toronto,2025-02-07,small_business,
264,Youssef,Mansour,youssef.mansour264@example.com,Germany,Hamburg,2025-03-01,consumer,
265,Karim,Khalil,karim.khalil265@example.com,Egypt,Mansoura,2024-02-17,consumer,
266,Ryan,Rahman,ryan.rahman266@example.com,United Kingdom,London,2024-12-22,consumer,
267,Noah,Evans,noah.evans267@example.com,Saudi Arabia,Jeddah,2024-10-05,consumer,114
268,Leo,Martin,leo.martin268@example.com,Jordan,Amman,2024-10-19,consumer,
269,Ella,Hussein,ella.hussein269@example.com,Canada,Montreal,2024-05-09,consumer,180
270,Leo,Haddad,leo.haddad270@example.com,United States,Seattle,2025-11-09,small_business,217
271,Nour,Fischer,nour.fischer271@example.com,Egypt,Mansoura,2024-03-28,small_business,
272,James,Hughes,james.hughes272@example.com,United States,Seattle,2024-09-25,consumer,
273,Youssef,Johnson,youssef.johnson273@example.com,United States,Austin,2024-01-14,consumer,
274,Noah,Johnson,noah.johnson274@example.com,United States,Seattle,2025-10-07,consumer,
275,Liam,Weber,liam.weber275@example.com,United States,New York,2024-06-22,consumer,
276,Liam,Hussein,liam.hussein276@example.com,United Kingdom,Manchester,2025-06-05,consumer,
277,Noah,Fischer,noah.fischer277@example.com,United States,New York,2024-07-31,consumer,
278,Sophie,Taylor,sophie.taylor278@example.com,United Arab Emirates,Sharjah,2024-04-18,consumer,
279,Sara,Martin,sara.martin279@example.com,Egypt,Giza,2025-09-12,consumer,171
280,Ali,Clarke,ali.clarke280@example.com,United Arab Emirates,Sharjah,2025-08-19,enterprise,
281,Ivy,Hussein,ivy.hussein281@example.com,Egypt,Mansoura,2025-02-27,consumer,
282,Omar,Aziz,omar.aziz282@example.com,United States,Seattle,2025-08-27,small_business,
283,Sara,Farouk,sara.farouk283@example.com,Saudi Arabia,Riyadh,2025-11-29,consumer,
284,Tariq,Brown,tariq.brown284@example.com,United States,Austin,2024-04-22,consumer,
285,Ethan,Martin,ethan.martin285@example.com,Germany,Hamburg,2024-01-14,consumer,168
286,Khaled,Johnson,khaled.johnson286@example.com,United Arab Emirates,Sharjah,2024-03-20,consumer,
287,Lukas,Gagnon,lukas.gagnon287@example.com,Canada,Vancouver,2025-08-12,consumer,
288,Chloe,Johnson,chloe.johnson288@example.com,United Arab Emirates,Sharjah,2024-10-23,consumer,
289,James,Weber,james.weber289@example.com,Saudi Arabia,Jeddah,2024-05-05,consumer,
290,Dina,Smith,dina.smith290@example.com,United Kingdom,Manchester,2024-08-28,consumer,
291,Ryan,Walker,ryan.walker291@example.com,Germany,Berlin,2024-10-29,consumer,280
292,Adam,Müller,adam.muller292@example.com,Germany,Hamburg,2024-11-06,consumer,
293,Ivy,Farouk,ivy.farouk293@example.com,United States,Austin,2024-06-06,small_business,
294,Lukas,Smith,lukas.smith294@example.com,United Arab Emirates,Sharjah,2024-08-13,consumer,
295,Farah,Brown,farah.brown295@example.com,United Arab Emirates,Dubai,2024-08-22,consumer,
296,Dina,Johnson,dina.johnson296@example.com,Canada,Vancouver,2025-03-16,consumer,
297,Lukas,Aziz,lukas.aziz297@example.com,Saudi Arabia,Dammam,2025-06-12,consumer,155
298,Daniel,Haddad,daniel.haddad298@example.com,United Kingdom,Bristol,2025-11-14,consumer,
299,Farah,Evans,farah.evans299@example.com,United States,Seattle,2025-02-08,consumer,275
300,Felix,Brown,felix.brown300@example.com,Egypt,Mansoura,2024-08-16,consumer,
301,Tariq,Hughes,tariq.hughes301@example.com,Saudi Arabia,Riyadh,2024-02-20,consumer,
302,Sophie,Smith,sophie.smith302@example.com,Canada,Toronto,2025-07-21,small_business,
303,Mia,Rahman,mia.rahman303@example.com,Canada,Montreal,2024-11-12,consumer,
304,Lukas,Müller,lukas.muller304@example.com,Egypt,Giza,2025-05-25,consumer,
305,Felix,Taylor,felix.taylor305@example.com,Egypt,Cairo,2024-09-02,consumer,
306,Sara,Nasser,sara.nasser306@example.com,United Kingdom,London,2024-06-15,consumer,
307,Salma,Evans,salma.evans307@example.com,United States,Austin,2024-06-11,consumer,
308,Reem,Wilson,reem.wilson308@example.com,United States,Seattle,2025-10-12,consumer,200
309,Hana,Fischer,hana.fischer309@example.com,Egypt,Cairo,2025-04-22,consumer,
310,Jonas,Taylor,jonas.taylor310@example.com,Saudi Arabia,Jeddah,2024-03-04,consumer,
311,Salma,Gagnon,salma.gagnon311@example.com,United Kingdom,Bristol,2025-07-10,consumer,
312,Liam,Nasser,liam.nasser312@example.com,United States,Seattle,2024-01-06,small_business,
313,Hannah,Khalil,hannah.khalil313@example.com,United States,Seattle,2024-07-23,consumer,
314,Ava,Tremblay,ava.tremblay314@example.com,Egypt,Alexandria,2025-01-14,consumer,
315,Ali,Fischer,ali.fischer315@example.com,United Arab Emirates,Abu Dhabi,2025-09-11,small_business,
316,Nour,Farouk,nour.farouk316@example.com,Egypt,Giza,2025-09-28,consumer,
317,Grace,Clarke,grace.clarke317@example.com,Canada,Vancouver,2024-12-07,consumer,
318,Mia,Rahman,mia.rahman318@example.com,United States,Austin,2024-05-03,consumer,
319,Hana,Weber,hana.weber319@example.com,United Kingdom,Leeds,2024-03-16,consumer,
320,Layla,Tremblay,layla.tremblay320@example.com,Germany,Munich,2024-11-17,consumer,
321,Karim,Clarke,karim.clarke321@example.com,Germany,Hamburg,2024-04-28,consumer,
322,James,Haddad,james.haddad322@example.com,United Arab Emirates,Sharjah,2024-04-14,small_business,
323,Nour,Hughes,nour.hughes323@example.com,United States,Chicago,2024-06-28,consumer,97
324,Salma,Farouk,salma.farouk324@example.com,Egypt,Mansoura,2024-08-13,small_business,
325,Ethan,Mansour,ethan.mansour325@example.com,United Kingdom,Bristol,2025-12-01,consumer,
326,Tariq,Rahman,tariq.rahman326@example.com,Saudi Arabia,Jeddah,2025-02-23,consumer,
327,James,Khalil,james.khalil327@example.com,Egypt,Mansoura,2024-10-02,consumer,
328,Dina,Martin,dina.martin328@example.com,United Arab Emirates,Dubai,2024-03-31,consumer,
329,Lea,Martin,lea.martin329@example.com,United States,Chicago,2025-06-03,consumer,237
330,Mia,Smith,mia.smith330@example.com,United Arab Emirates,Dubai,2025-10-30,consumer,
331,Layla,Weber,layla.weber331@example.com,United Kingdom,Manchester,2024-10-31,consumer,
332,Layla,Brown,layla.brown332@example.com,Germany,Munich,2024-09-16,consumer,
333,Hassan,Brown,hassan.brown333@example.com,United Arab Emirates,Sharjah,2024-02-03,small_business,263
334,Dina,Farouk,dina.farouk334@example.com,United Kingdom,Manchester,2024-01-07,consumer,
335,Hana,Rahman,hana.rahman335@example.com,Germany,Berlin,2024-08-12,consumer,312
336,Hannah,Johnson,hannah.johnson336@example.com,Saudi Arabia,Riyadh,2025-07-07,consumer,
337,Felix,Hughes,felix.hughes337@example.com,United Kingdom,Bristol,2025-01-22,small_business,
338,Omar,Ibrahim,omar.ibrahim338@example.com,United States,Seattle,2024-09-22,consumer,
339,Grace,Taylor,grace.taylor339@example.com,Germany,Hamburg,2024-09-08,consumer,
340,Hassan,Roy,hassan.roy340@example.com,United Kingdom,Leeds,2024-08-13,small_business,43
341,Zoe,Farouk,zoe.farouk341@example.com,United Kingdom,Leeds,2025-07-10,consumer,
342,Sophie,Mansour,sophie.mansour342@example.com,United Kingdom,London,2025-05-25,small_business,
343,Noah,Hussein,noah.hussein343@example.com,United States,Austin,2025-07-13,consumer,
344,Ella,Evans,ella.evans344@example.com,United Kingdom,Leeds,2025-09-18,consumer,133
345,Daniel,Fischer,daniel.fischer345@example.com,United Arab Emirates,Abu Dhabi,2025-06-21,consumer,
346,Youssef,Fischer,youssef.fischer346@example.com,Canada,Vancouver,2024-02-14,small_business,
347,Ava,Walker,ava.walker347@example.com,Egypt,Mansoura,2025-01-01,small_business,
348,Daniel,Nasser,daniel.nasser348@example.com,Canada,Vancouver,2025-07-11,consumer,134
349,Grace,Schmidt,grace.schmidt349@example.com,Jordan,Amman,2024-06-13,consumer,
350,Daniel,Mostafa,daniel.mostafa350@example.com,Saudi Arabia,Jeddah,2024-07-21,consumer,
351,Ava,Smith,ava.smith351@example.com,Germany,Berlin,2024-11-07,consumer,347
352,Ivy,Martin,ivy.martin352@example.com,United States,Austin,2024-01-15,consumer,
353,Layla,Fischer,layla.fischer353@example.com,United Kingdom,Bristol,2024-11-25,consumer,
354,Ethan,Nasser,ethan.nasser354@example.com,Jordan,Irbid,2024-05-29,small_business,
355,Grace,Tremblay,grace.tremblay355@example.com,Canada,Toronto,2024-07-11,consumer,
356,Tariq,Weber,tariq.weber356@example.com,Saudi Arabia,Jeddah,2025-05-29,consumer,
357,Ahmed,Fischer,ahmed.fischer357@example.com,United Kingdom,Leeds,2024-01-16,consumer,
358,Lea,Ibrahim,lea.ibrahim358@example.com,United Kingdom,Leeds,2025-02-13,consumer,
359,Hannah,Mansour,hannah.mansour359@example.com,United Arab Emirates,Sharjah,2024-06-29,consumer,
360,Omar,Saleh,omar.saleh360@example.com,United Kingdom,London,2025-02-14,consumer,
361,Khaled,Roy,khaled.roy361@example.com,United States,New York,2024-03-27,consumer,
362,Daniel,Martin,daniel.martin362@example.com,United Kingdom,Leeds,2024-04-05,consumer,
363,Ali,Aziz,ali.aziz363@example.com,Egypt,Mansoura,2024-06-23,consumer,
364,Liam,Haddad,liam.haddad364@example.com,United Kingdom,London,2025-09-20,enterprise,246
365,Dina,Rahman,dina.rahman365@example.com,Jordan,Irbid,2024-09-24,small_business,
366,Noah,Mostafa,noah.mostafa366@example.com,Germany,Berlin,2024-04-28,consumer,
367,Emily,Schmidt,emily.schmidt367@example.com,Egypt,Giza,2024-11-02,consumer,
368,Sophie,Ibrahim,sophie.ibrahim368@example.com,United States,Austin,2024-06-07,consumer,347
369,Khaled,Aziz,khaled.aziz369@example.com,United Arab Emirates,Abu Dhabi,2025-07-24,small_business,
370,Salma,Youssef,salma.youssef370@example.com,United Arab Emirates,Dubai,2024-03-31,consumer,
371,Grace,Rahman,grace.rahman371@example.com,Saudi Arabia,Dammam,2024-03-26,consumer,
372,Hassan,Evans,hassan.evans372@example.com,Germany,Berlin,2024-03-10,consumer,
373,Hassan,Fischer,hassan.fischer373@example.com,Egypt,Alexandria,2024-06-05,consumer,
374,Ella,Rahman,ella.rahman374@example.com,United Arab Emirates,Dubai,2025-05-03,consumer,
375,Ryan,Taylor,ryan.taylor375@example.com,Canada,Montreal,2024-09-15,consumer,
376,Leo,Johnson,leo.johnson376@example.com,United States,Chicago,2024-02-22,enterprise,
377,Felix,Brown,felix.brown377@example.com,United Kingdom,Manchester,2024-06-09,consumer,
378,Sara,Evans,sara.evans378@example.com,Saudi Arabia,Riyadh,2025-10-30,consumer,
379,Zoe,Haddad,zoe.haddad379@example.com,United States,New York,2024-12-26,consumer,
380,Layla,Roy,layla.roy380@example.com,United Arab Emirates,Abu Dhabi,2025-10-18,consumer,
381,Tariq,Saleh,tariq.saleh381@example.com,United States,Seattle,2024-12-28,consumer,
382,Tariq,Haddad,tariq.haddad382@example.com,Saudi Arabia,Dammam,2024-03-22,consumer,
383,Chloe,Rahman,chloe.rahman383@example.com,Germany,Hamburg,2024-04-26,consumer,328
384,Grace,Martin,grace.martin384@example.com,United Arab Emirates,Sharjah,2025-08-18,enterprise,
385,Lukas,Khalil,lukas.khalil385@example.com,Germany,Hamburg,2024-09-10,consumer,
386,Felix,Weber,felix.weber386@example.com,United Kingdom,Manchester,2025-07-07,small_business,
387,Oliver,Khalil,oliver.khalil387@example.com,United Arab Emirates,Dubai,2024-01-30,consumer,
388,Oliver,Ahmed,oliver.ahmed388@example.com,Germany,Berlin,2025-06-13,consumer,65
389,Ryan,Ahmed,ryan.ahmed389@example.com,United Arab Emirates,Dubai,2024-02-07,consumer,
390,Khaled,Martin,khaled.martin390@example.com,Canada,Toronto,2025-03-20,consumer,
391,Sophie,Gagnon,sophie.gagnon391@example.com,Saudi Arabia,Dammam,2024-01-12,consumer,
392,Ahmed,Müller,ahmed.muller392@example.com,Saudi Arabia,Dammam,2024-01-01,consumer,
393,Leo,Walker,leo.walker393@example.com,Germany,Berlin,2024-02-15,consumer,
394,Felix,Mostafa,felix.mostafa394@example.com,United Arab Emirates,Dubai,2025-11-30,consumer,
395,Farah,Hussein,farah.hussein395@example.com,Saudi Arabia,Riyadh,2024-08-11,consumer,331
396,Felix,Schmidt,felix.schmidt396@example.com,United Kingdom,Leeds,2024-01-10,small_business,
397,Chloe,Farouk,chloe.farouk397@example.com,Saudi Arabia,Dammam,2024-01-14,consumer,
398,Mia,Clarke,mia.clarke398@example.com,Saudi Arabia,Jeddah,2025-02-02,consumer,197
399,Emily,Saleh,emily.saleh399@example.com,United Arab Emirates,Dubai,2025-08-12,consumer,
400,Ali,Wilson,ali.wilson400@example.com,Saudi Arabia,Riyadh,2025-03-15,consumer,63
401,Felix,Farouk,felix.farouk401@example.com,United States,Seattle,2024-06-12,consumer,
402,Leo,Smith,leo.smith402@example.com,Germany,Munich,2024-09-06,consumer,
403,Youssef,Fischer,youssef.fischer403@example.com,Germany,Munich,2025-01-23,consumer,
404,Ethan,Youssef,ethan.youssef404@example.com,United Arab Emirates,Abu Dhabi,2025-03-08,consumer,
405,Youssef,Mansour,youssef.mansour405@example.com,Germany,Munich,2025-06-27,consumer,
406,Ali,Hussein,ali.hussein406@example.com,United Kingdom,Leeds,2024-03-08,consumer,117
407,Nour,Rahman,nour.rahman407@example.com,Saudi Arabia,Dammam,2024-01-01,consumer,
408,Dina,Hughes,dina.hughes408@example.com,Canada,Vancouver,2024-04-27,consumer,
409,Jonas,Schmidt,jonas.schmidt409@example.com,Germany,Berlin,2025-07-19,consumer,
410,Hassan,Johnson,hassan.johnson410@example.com,Saudi Arabia,Dammam,2024-01-20,consumer,
411,Hana,Wilson,hana.wilson411@example.com,Egypt,Mansoura,2024-09-27,small_business,
412,Daniel,Nasser,daniel.nasser412@example.com,United Kingdom,London,2025-06-12,consumer,
413,Ahmed,Rahman,ahmed.rahman413@example.com,Egypt,Giza,2024-02-13,consumer,189
414,Ahmed,Farouk,ahmed.farouk414@example.com,Jordan,Amman,2024-04-10,small_business,
415,Mariam,Evans,mariam.evans415@example.com,United Kingdom,Leeds,2024-06-15,consumer,
416,Hana,Saleh,hana.saleh416@example.com,United Arab Emirates,Abu Dhabi,2024-04-20,consumer,
417,Sophie,Rahman,sophie.rahman417@example.com,Germany,Berlin,2024-03-16,enterprise,
418,Ali,Nasser,ali.nasser418@example.com,United Arab Emirates,Abu Dhabi,2025-01-08,small_business,329
419,Ali,Aziz,ali.aziz419@example.com,Saudi Arabia,Dammam,2024-03-31,consumer,
420,Emily,Fischer,emily.fischer420@example.com,United Arab Emirates,Dubai,2025-03-29,consumer,
421,Ivy,Brown,ivy.brown421@example.com,Canada,Montreal,2024-03-07,consumer,91
422,Ethan,Haddad,ethan.haddad422@example.com,Egypt,Cairo,2024-01-11,consumer,
423,Ali,Roy,ali.roy423@example.com,United Arab Emirates,Sharjah,2025-02-01,consumer,
424,Felix,Fischer,felix.fischer424@example.com,Egypt,Giza,2025-03-20,small_business,
425,Karim,Johnson,karim.johnson425@example.com,United Kingdom,Leeds,2024-08-24,consumer,
426,Ahmed,Clarke,ahmed.clarke426@example.com,Egypt,Alexandria,2025-02-14,consumer,
427,Sophie,Youssef,sophie.youssef427@example.com,Germany,Munich,2024-01-03,consumer,
428,Grace,Saleh,grace.saleh428@example.com,Saudi Arabia,Jeddah,2025-02-19,consumer,145
429,Salma,Aziz,salma.aziz429@example.com,Canada,Montreal,2024-05-15,consumer,212
430,Ivy,Aziz,ivy.aziz430@example.com,United Arab Emirates,Abu Dhabi,2025-08-18,consumer,
431,Karim,Tremblay,karim.tremblay431@example.com,United Arab Emirates,Sharjah,2024-01-13,consumer,
432,Jonas,Evans,jonas.evans432@example.com,Jordan,Irbid,2024-08-17,consumer,
433,Ava,Khalil,ava.khalil433@example.com,Canada,Montreal,2025-06-30,consumer,
434,Ethan,Mansour,ethan.mansour434@example.com,United Arab Emirates,Dubai,2024-06-13,consumer,
435,Karim,Hussein,karim.hussein435@example.com,United Arab Emirates,Dubai,2024-03-03,consumer,
436,Ava,Martin,ava.martin436@example.com,Egypt,Giza,2025-09-24,consumer,87
437,Layla,Fischer,layla.fischer437@example.com,Jordan,Amman,2024-03-20,consumer,315
438,Khaled,Tremblay,khaled.tremblay438@example.com,Germany,Hamburg,2024-07-29,consumer,
439,Salma,Clarke,salma.clarke439@example.com,United States,Chicago,2024-03-08,consumer,
440,Zoe,Tremblay,zoe.tremblay440@example.com,Jordan,Irbid,2025-07-21,consumer,
441,Layla,Hussein,layla.hussein441@example.com,United Arab Emirates,Dubai,2024-06-07,consumer,219
442,Emily,Aziz,emily.aziz442@example.com,Canada,Toronto,2025-08-11,consumer,
443,Layla,Taylor,layla.taylor443@example.com,Saudi Arabia,Jeddah,2024-02-20,consumer,
444,Ali,Rahman,ali.rahman444@example.com,Egypt,Giza,2025-09-20,consumer,92
445,Khaled,Müller,khaled.muller445@example.com,United Kingdom,Manchester,2025-01-02,consumer,358
446,Emily,Nasser,emily.nasser446@example.com,Saudi Arabia,Riyadh,2025-01-30,consumer,49
447,Felix,Fischer,felix.fischer447@example.com,United Kingdom,London,2024-03-19,consumer,
448,Emily,Johnson,emily.johnson448@example.com,United Arab Emirates,Sharjah,2024-02-10,consumer,
449,Sara,Khalil,sara.khalil449@example.com,Jordan,Amman,2024-04-02,small_business,
450,Oliver,Mostafa,oliver.mostafa450@example.com,United Kingdom,Manchester,2024-02-09,consumer,
451,Hana,Roy,hana.roy451@example.com,Saudi Arabia,Dammam,2024-01-25,consumer,
452,Ryan,Wilson,ryan.wilson452@example.com,Germany,Hamburg,2025-05-18,enterprise,417
453,Ali,Tremblay,ali.tremblay453@example.com,Egypt,Alexandria,2024-04-12,consumer,
454,Salma,Farouk,salma.farouk454@example.com,Egypt,Giza,2025-07-21,consumer,
455,Ryan,Ibrahim,ryan.ibrahim455@example.com,United Kingdom,Manchester,2025-10-26,consumer,
456,Karim,Wilson,karim.wilson456@example.com,Jordan,Irbid,2025-07-13,consumer,
457,Nour,Walker,nour.walker457@example.com,United Arab Emirates,Sharjah,2024-06-06,consumer,
458,Daniel,Schmidt,daniel.schmidt458@example.com,Canada,Vancouver,2024-01-01,enterprise,80
459,Mia,Brown,mia.brown459@example.com,Egypt,Giza,2024-10-08,consumer,233
460,Noah,Brown,noah.brown460@example.com,Egypt,Cairo,2024-05-21,consumer,
461,Hannah,Youssef,hannah.youssef461@example.com,United Kingdom,Leeds,2024-12-06,consumer,
462,Ivy,Aziz,ivy.aziz462@example.com,United Arab Emirates,Dubai,2025-03-03,consumer,
463,Liam,Gagnon,liam.gagnon463@example.com,Saudi Arabia,Riyadh,2025-04-05,consumer,
464,Layla,Weber,layla.weber464@example.com,Jordan,Irbid,2025-03-11,consumer,
465,Sara,Farouk,sara.farouk465@example.com,Canada,Vancouver,2024-08-05,consumer,
466,Jonas,Evans,jonas.evans466@example.com,Egypt,Mansoura,2025-09-05,consumer,
467,Reem,Taylor,reem.taylor467@example.com,United Arab Emirates,Abu Dhabi,2024-02-08,small_business,
468,Mariam,Fischer,mariam.fischer468@example.com,United Kingdom,Bristol,2024-11-13,consumer,
469,Ella,Mostafa,ella.mostafa469@example.com,United Kingdom,Manchester,2024-04-14,enterprise,237
470,Karim,Youssef,karim.youssef470@example.com,United States,Chicago,2024-07-29,consumer,398
471,Farah,Haddad,farah.haddad471@example.com,Germany,Hamburg,2025-03-10,consumer,
472,Lea,Ibrahim,lea.ibrahim472@example.com,Germany,Berlin,2025-09-13,consumer,
473,Liam,Wilson,liam.wilson473@example.com,United Arab Emirates,Dubai,2024-04-29,consumer,359
474,Ivy,Johnson,ivy.johnson474@example.com,United Kingdom,Manchester,2024-01-23,small_business,
475,Lea,Müller,lea.muller475@example.com,United States,Seattle,2025-07-08,consumer,
476,Salma,Mostafa,salma.mostafa476@example.com,Egypt,Alexandria,2024-10-04,enterprise,
477,Jonas,Haddad,jonas.haddad477@example.com,Egypt,Cairo,2025-05-04,consumer,
478,Youssef,Youssef,youssef.youssef478@example.com,Saudi Arabia,Jeddah,2024-03-12,enterprise,
479,Zoe,Smith,zoe.smith479@example.com,United Kingdom,Manchester,2025-10-03,enterprise,431
480,Ivy,Ibrahim,ivy.ibrahim480@example.com,United Arab Emirates,Abu Dhabi,2024-07-24,consumer,
481,Chloe,Gagnon,chloe.gagnon481@example.com,United States,Seattle,2024-12-10,consumer,
482,Daniel,Fischer,daniel.fischer482@example.com,Canada,Vancouver,2024-02-24,small_business,
483,Hana,Mostafa,hana.mostafa483@example.com,United Arab Emirates,Dubai,2025-08-24,consumer,
484,James,Hussein,james.hussein484@example.com,United Kingdom,Manchester,2024-03-29,consumer,177
485,Felix,Martin,felix.martin485@example.com,Canada,Toronto,2024-07-21,consumer,
486,Zoe,Youssef,zoe.youssef486@example.com,United Kingdom,Leeds,2025-05-27,consumer,
487,Lea,Fischer,lea.fischer487@example.com,United States,Austin,2024-06-20,consumer,
488,Ryan,Hussein,ryan.hussein488@example.com,Canada,Vancouver,2024-02-05,enterprise,
489,Farah,Farouk,farah.farouk489@example.com,United States,New York,2025-03-15,enterprise,11
490,Ryan,Gagnon,ryan.gagnon490@example.com,Egypt,Alexandria,2024-07-14,consumer,
491,Ella,Wilson,ella.wilson491@example.com,Canada,Toronto,2025-07-29,consumer,
492,Lukas,Walker,lukas.walker492@example.com,United States,Austin,2024-02-10,consumer,
493,Lea,Evans,lea.evans493@example.com,Jordan,Amman,2025-07-13,consumer,
494,Ahmed,Mansour,ahmed.mansour494@example.com,United States,New York,2024-10-24,small_business,
495,Hannah,Fischer,hannah.fischer495@example.com,Egypt,Mansoura,2024-12-10,consumer,
496,Mariam,Tremblay,mariam.tremblay496@example.com,Saudi Arabia,Jeddah,2025-01-07,enterprise,
497,Oliver,Roy,oliver.roy497@example.com,Egypt,Alexandria,2024-12-06,consumer,
498,Felix,Gagnon,felix.gagnon498@example.com,Germany,Munich,2024-01-06,consumer,
499,Liam,Saleh,liam.saleh499@example.com,Saudi Arabia,Riyadh,2025-08-02,consumer,371
500,Liam,Roy,liam.roy500@example.com,Canada,Vancouver,2024-10-09,consumer,
501,Mia,Ahmed,mia.ahmed501@example.com,Saudi Arabia,Dammam,2025-07-31,consumer,
502,Adam,Clarke,adam.clarke502@example.com,United Arab Emirates,Abu Dhabi,2025-04-14,small_business,
503,Ella,Taylor,ella.taylor503@example.com,Canada,Montreal,2025-03-12,consumer,317
504,Felix,Brown,felix.brown504@example.com,Saudi Arabia,Jeddah,2024-10-29,consumer,
505,Tariq,Ahmed,tariq.ahmed505@example.com,Germany,Hamburg,2024-02-26,consumer,
506,Ivy,Smith,ivy.smith506@example.com,Canada,Vancouver,2024-05-11,consumer,153
507,Jonas,Saleh,jonas.saleh507@example.com,United Kingdom,Bristol,2024-05-08,consumer,
508,Lea,Walker,lea.walker508@example.com,United Arab Emirates,Dubai,2024-07-04,consumer,
509,Youssef,Evans,youssef.evans509@example.com,Germany,Hamburg,2025-11-19,small_business,
510,Liam,Hughes,liam.hughes510@example.com,Germany,Munich,2024-06-14,consumer,
511,Jonas,Aziz,jonas.aziz511@example.com,United Kingdom,London,2024-07-20,consumer,
512,Jonas,Hughes,jonas.hughes512@example.com,Egypt,Cairo,2024-01-30,consumer,
513,Ethan,Tremblay,ethan.tremblay513@example.com,Saudi Arabia,Jeddah,2024-05-02,small_business,
514,Nour,Nasser,nour.nasser514@example.com,Egypt,Alexandria,2025-09-05,enterprise,
515,Lukas,Hughes,lukas.hughes515@example.com,United Arab Emirates,Sharjah,2025-06-14,consumer,
516,Layla,Haddad,layla.haddad516@example.com,Germany,Hamburg,2024-10-12,consumer,
517,Nour,Johnson,nour.johnson517@example.com,Egypt,Alexandria,2024-01-07,enterprise,
518,Mia,Youssef,mia.youssef518@example.com,United Kingdom,Bristol,2025-05-10,consumer,110
519,Salma,Taylor,salma.taylor519@example.com,United Arab Emirates,Abu Dhabi,2025-07-03,small_business,454
520,Mia,Gagnon,mia.gagnon520@example.com,Egypt,Alexandria,2024-09-01,consumer,
521,Jonas,Smith,jonas.smith521@example.com,Egypt,Giza,2025-02-22,consumer,
522,Nour,Mansour,nour.mansour522@example.com,Egypt,Cairo,2024-09-04,consumer,
523,Sophie,Fischer,sophie.fischer523@example.com,United States,Chicago,2025-10-18,consumer,
524,Ivy,Khalil,ivy.khalil524@example.com,United States,Chicago,2025-09-11,small_business,
525,Hassan,Mostafa,hassan.mostafa525@example.com,United States,Chicago,2025-09-29,consumer,
526,Ethan,Khalil,ethan.khalil526@example.com,Canada,Montreal,2024-04-12,consumer,114
527,Mariam,Hughes,mariam.hughes527@example.com,United States,Austin,2024-08-19,small_business,
528,Grace,Ahmed,grace.ahmed528@example.com,Germany,Hamburg,2025-08-23,consumer,
529,Ahmed,Roy,ahmed.roy529@example.com,Egypt,Giza,2025-02-22,consumer,
530,James,Ibrahim,james.ibrahim530@example.com,United Arab Emirates,Sharjah,2024-11-21,consumer,
531,Leo,Farouk,leo.farouk531@example.com,United States,Seattle,2025-11-22,consumer,
532,Sara,Farouk,sara.farouk532@example.com,United States,Austin,2024-11-07,consumer,179
533,Oliver,Roy,oliver.roy533@example.com,Jordan,Irbid,2024-06-18,small_business,
534,Oliver,Walker,oliver.walker534@example.com,United Arab Emirates,Abu Dhabi,2024-12-24,consumer,
535,Zoe,Aziz,zoe.aziz535@example.com,United States,Seattle,2025-03-08,consumer,
536,Mia,Martin,mia.martin536@example.com,Canada,Toronto,2024-01-17,small_business,
537,Ethan,Müller,ethan.muller537@example.com,Jordan,Amman,2025-08-25,consumer,
538,Khaled,Aziz,khaled.aziz538@example.com,Egypt,Mansoura,2024-01-31,consumer,
539,Jonas,Farouk,jonas.farouk539@example.com,Germany,Berlin,2024-12-29,consumer,
540,Hana,Nasser,hana.nasser540@example.com,United Kingdom,Bristol,2025-07-16,consumer,
541,Hassan,Martin,hassan.martin541@example.com,United Arab Emirates,Abu Dhabi,2024-06-10,consumer,
542,Felix,Johnson,felix.johnson542@example.com,Jordan,Irbid,2024-12-31,consumer,
543,Khaled,Aziz,khaled.aziz543@example.com,Saudi Arabia,Riyadh,2025-07-20,consumer,
544,Farah,Mostafa,farah.mostafa544@example.com,Germany,Hamburg,2024-03-21,consumer,
545,Daniel,Mostafa,daniel.mostafa545@example.com,Germany,Berlin,2025-05-28,small_business,
546,Mariam,Gagnon,mariam.gagnon546@example.com,Egypt,Mansoura,2025-09-26,consumer,
547,Jonas,Khalil,jonas.khalil547@example.com,Saudi Arabia,Riyadh,2025-07-13,consumer,517
548,Chloe,Hughes,chloe.hughes548@example.com,United States,Seattle,2024-01-03,consumer,44
549,Lea,Mansour,lea.mansour549@example.com,Germany,Munich,2025-07-13,consumer,
550,Omar,Gagnon,omar.gagnon550@example.com,Egypt,Alexandria,2024-04-04,small_business,
551,Hannah,Tremblay,hannah.tremblay551@example.com,Canada,Montreal,2024-05-02,consumer,
552,Farah,Hussein,farah.hussein552@example.com,United States,Seattle,2024-09-10,small_business,
553,Daniel,Roy,daniel.roy553@example.com,Saudi Arabia,Jeddah,2024-02-26,consumer,
554,Youssef,Ahmed,youssef.ahmed554@example.com,Saudi Arabia,Riyadh,2025-07-10,consumer,
555,Emily,Mansour,emily.mansour555@example.com,United Arab Emirates,Sharjah,2025-11-07,small_business,
556,Zoe,Taylor,zoe.taylor556@example.com,Egypt,Cairo,2025-09-26,consumer,
557,Daniel,Ahmed,daniel.ahmed557@example.com,United States,Seattle,2025-07-16,consumer,252
558,Khaled,Farouk,khaled.farouk558@example.com,Egypt,Cairo,2024-02-26,consumer,
559,Emily,Tremblay,emily.tremblay559@example.com,Germany,Hamburg,2024-11-15,enterprise,
560,Salma,Müller,salma.muller560@example.com,United Kingdom,Leeds,2024-05-17,consumer,
561,Farah,Roy,farah.roy561@example.com,Egypt,Mansoura,2024-04-19,consumer,
562,Grace,Gagnon,grace.gagnon562@example.com,United Arab Emirates,Sharjah,2024-11-27,consumer,390
563,Jonas,Brown,jonas.brown563@example.com,United Kingdom,Manchester,2024-01-01,consumer,
564,Liam,Schmidt,liam.schmidt564@example.com,Egypt,Cairo,2024-04-02,consumer,
565,Liam,Haddad,liam.haddad565@example.com,Egypt,Alexandria,2024-02-02,consumer,
566,Adam,Clarke,adam.clarke566@example.com,United States,Seattle,2024-05-23,consumer,66
567,Oliver,Clarke,oliver.clarke567@example.com,United States,Austin,2024-05-17,small_business,
568,Lea,Brown,lea.brown568@example.com,United States,Chicago,2024-04-16,consumer,
569,Hassan,Gagnon,hassan.gagnon569@example.com,Germany,Berlin,2025-10-21,consumer,
570,Tariq,Khalil,tariq.khalil570@example.com,Jordan,Irbid,2025-02-24,small_business,
571,Ivy,Khalil,ivy.khalil571@example.com,United Kingdom,Bristol,2025-11-02,consumer,352
572,Felix,Müller,felix.muller572@example.com,United Kingdom,Manchester,2024-03-07,small_business,
573,Emily,Hussein,emily.hussein573@example.com,United Kingdom,Bristol,2024-01-25,consumer,
574,Farah,Taylor,farah.taylor574@example.com,Jordan,Amman,2025-03-15,consumer,
575,Zoe,Hussein,zoe.hussein575@example.com,United Arab Emirates,Dubai,2025-03-04,consumer,
576,Mia,Farouk,mia.farouk576@example.com,United States,Seattle,2025-07-28,small_business,
577,Reem,Tremblay,reem.tremblay577@example.com,United States,New York,2024-11-23,small_business,
578,Salma,Youssef,salma.youssef578@example.com,United States,Chicago,2024-08-08,consumer,
579,Hassan,Gagnon,hassan.gagnon579@example.com,United States,New York,2025-06-27,consumer,293
580,Lukas,Khalil,lukas.khalil580@example.com,United Arab Emirates,Abu Dhabi,2024-01-02,consumer,
581,Chloe,Rahman,chloe.rahman581@example.com,United States,Seattle,2024-04-09,consumer,
582,Salma,Saleh,salma.saleh582@example.com,United Arab Emirates,Sharjah,2025-06-11,consumer,
583,Felix,Khalil,felix.khalil583@example.com,United States,New York,2025-06-27,consumer,427
584,Ivy,Taylor,ivy.taylor584@example.com,Jordan,Amman,2025-09-21,consumer,
585,Ava,Youssef,ava.youssef585@example.com,Egypt,Alexandria,2024-07-19,consumer,
586,Noah,Nasser,noah.nasser586@example.com,United Kingdom,Manchester,2024-11-26,consumer,
587,Tariq,Hughes,tariq.hughes587@example.com,United Kingdom,Bristol,2025-07-27,consumer,
588,Dina,Khalil,dina.khalil588@example.com,United States,Chicago,2025-01-18,consumer,
589,Lea,Taylor,lea.taylor589@example.com,Egypt,Cairo,2024-07-08,consumer,556
590,Ryan,Khalil,ryan.khalil590@example.com,Saudi Arabia,Riyadh,2025-03-29,consumer,
591,Jonas,Roy,jonas.roy591@example.com,United Kingdom,Manchester,2024-11-12,consumer,
592,Salma,Johnson,salma.johnson592@example.com,United Arab Emirates,Abu Dhabi,2024-12-30,consumer,
593,Oliver,Roy,oliver.roy593@example.com,United States,Chicago,2025-09-27,consumer,
594,Nour,Johnson,nour.johnson594@example.com,Canada,Vancouver,2024-05-30,consumer,115
595,Lukas,Aziz,lukas.aziz595@example.com,United States,Austin,2024-04-06,consumer,295
596,Hannah,Rahman,hannah.rahman596@example.com,United States,New York,2025-07-20,consumer,318
597,Reem,Tremblay,reem.tremblay597@example.com,United Kingdom,Leeds,2024-06-01,consumer,
598,Ahmed,Youssef,ahmed.youssef598@example.com,Germany,Munich,2025-11-24,consumer,
599,Mariam,Nasser,mariam.nasser599@example.com,Egypt,Mansoura,2024-06-18,consumer,
600,Zoe,Ahmed,zoe.ahmed600@example.com,Canada,Vancouver,2024-10-11,consumer,
