order_item_id,order_id,product_id,quantity,unit_price,discount
1,1000,44,2,27.3,0
2,1001,20,2,44.1,0
3,1001,34,1,33.6,0
4,1001,7,2,135.45,0
5,1001,15,1,46.2,0
6,1002,26,1,19.95,0
7,1002,19,1,37.8,0
8,1003,37,1,75.6,0
9,1003,48,4,29.4,0
10,1004,33,1,82.95,0
11,1004,38,1,25.2,0
12,1005,38,2,25.2,0
13,1006,23,2,189,0
14,1007,19,1,37.8,0
15,1007,24,1,30.45,0
16,1008,44,1,27.3,0
17,1009,18,1,77.7,0
18,1009,39,3,48.3,0
19,1010,28,1,36.75,0
20,1011,40,1,30.45,0.25
21,1011,6,3,35.7,0.25
22,1011,19,1,37.8,0.25
23,1011,29,1,166.95,0.25
24,1012,9,3,19.95,0.05
25,1012,24,1,30.45,0.05
26,1013,4,1,124.95,0
27,1014,34,2,33.6,0
28,1014,26,3,19.95,0
29,1015,21,1,449,0
30,1015,27,3,49,0
31,1015,10,1,24,0
32,1015,31,2,49,0
33,1016,35,1,199,0.05
34,1016,41,1,289,0.05
35,1016,13,1,59,0.05
36,1016,16,1,99,0.05
37,1017,28,1,35,0
38,1017,23,1,189,0
39,1018,29,1,159,0
40,1018,35,1,199,0
41,1019,39,1,48.3,0
42,1019,14,2,23.1,0
43,1020,46,2,23.1,0
44,1020,21,1,471.45,0
45,1020,5,1,67.2,0
46,1021,40,1,30.45,0
47,1021,36,1,68.25,0
48,1022,46,1,23.1,0
49,1022,11,1,156.45,0
50,1022,29,1,166.95,0
51,1023,35,2,199,0
52,1023,1,1,39,0
53,1024,36,1,68.25,0
54,1024,41,1,303.45,0
55,1025,48,2,29.4,0
56,1025,45,1,18.9,0
57,1025,42,1,56.7,0
58,1026,29,3,166.95,0
59,1027,20,1,42,0
60,1027,43,4,39,0
61,1027,22,1,329,0
62,1028,46,1,23.1,0
63,1028,4,1,124.95,0
64,1028,44,1,27.3,0
65,1029,23,2,198.45,0
66,1029,37,3,75.6,0
67,1030,27,1,51.45,0
68,1031,33,2,79,0
69,1032,17,1,30.45,0
70,1032,46,2,23.1,0
71,1033,40,1,30.45,0.25
72,1033,46,1,23.1,0.25
73,1033,39,1,48.3,0.25
74,1034,40,3,30.45,0
75,1034,12,2,187.95,0
76,1035,26,1,19,0
77,1035,32,1,89,0
78,1035,46,1,22,0
79,1035,13,1,59,0
80,1035,40,1,29,0
81,1036,7,1,135.45,0
82,1036,15,1,46.2,0
83,1037,37,1,72,0
84,1037,8,2,27,0
85,1038,29,1,159,0
86,1039,16,1,99,0
87,1039,14,1,22,0
88,1039,8,1,27,0
89,1039,11,2,149,0
90,1040,7,1,129,0
91,1041,13,1,61.95,0
92,1042,15,2,46.2,0
93,1043,38,3,25.2,0
94,1043,6,1,35.7,0
95,1044,11,1,156.45,0
96,1044,45,1,18.9,0
97,1044,10,2,25.2,0
98,1045,32,1,93.45,0
99,1045,26,1,19.95,0
100,1045,10,1,25.2,0
101,1045,36,1,68.25,0
102,1045,35,1,208.95,0
103,1046,21,1,449,0
104,1047,44,1,27.3,0
105,1048,29,2,166.95,0.15
106,1049,17,1,30.45,0
107,1050,32,1,93.45,0
108,1050,1,1,40.95,0
109,1051,13,1,61.95,0.25
110,1052,8,1,28.35,0.25
111,1053,15,2,44,0
112,1054,43,2,39,0
113,1055,16,1,103.95,0
114,1056,40,1,29,0
115,1057,27,1,51.45,0
116,1057,42,2,56.7,0
117,1058,27,1,51.45,0
118,1058,16,1,103.95,0
119,1059,26,2,19,0
120,1059,25,4,89,0
121,1060,48,1,28,0
122,1060,19,1,36,0
123,1061,39,1,48.3,0
124,1062,19,3,36,0
125,1062,29,1,159,0
126,1063,36,2,65,0
127,1063,28,1,35,0
128,1063,34,2,32,0
129,1063,10,1,24,0
130,1064,2,1,93.45,0
131,1064,15,1,46.2,0
132,1064,23,4,198.45,0
133,1064,22,1,345.45,0
134,1065,3,1,47.25,0
135,1066,2,1,93.45,0.1
136,1067,46,1,23.1,0
137,1068,13,1,61.95,0
138,1068,36,1,68.25,0
139,1068,47,1,39.9,0
140,1069,43,4,40.95,0
141,1070,44,1,26,0.1
142,1071,43,4,40.95,0.25
143,1071,37,1,75.6,0.25
144,1071,36,3,68.25,0.25
145,1071,6,1,35.7,0.25
146,1071,19,1,37.8,0.25
147,1072,1,1,40.95,0
148,1073,44,1,27.3,0
149,1073,29,1,166.95,0
150,1074,42,1,56.7,0
151,1074,43,2,40.95,0
152,1074,33,1,82.95,0
153,1074,29,1,166.95,0
154,1074,10,2,25.2,0
155,1075,6,1,35.7,0
156,1075,21,2,471.45,0
157,1075,16,1,103.95,0
158,1076,3,3,47.25,0
159,1076,33,2,82.95,0
160,1077,14,1,23.1,0
161,1077,36,2,68.25,0
162,1077,41,1,303.45,0
163,1077,38,3,25.2,0
164,1077,11,1,156.45,0
165,1078,46,1,23.1,0
166,1079,31,1,51.45,0
167,1080,36,2,68.25,0
168,1080,26,2,19.95,0
169,1081,35,1,208.95,0
170,1081,7,1,135.45,0
171,1082,6,1,35.7,0
172,1082,46,1,23.1,0
173,1083,20,1,44.1,0
174,1083,31,1,51.45,0
175,1083,7,1,135.45,0
176,1084,19,1,37.8,0
177,1084,21,3,471.45,0
178,1085,1,2,40.95,0.25
179,1086,4,1,119,0.25
180,1087,40,1,29,0
181,1088,4,1,119,0
182,1088,30,2,69,0
183,1088,8,1,27,0
184,1089,27,2,51.45,0
185,1090,11,2,156.45,0
186,1091,29,2,159,0
187,1091,32,1,89,0
188,1092,32,1,93.45,0
189,1092,8,3,28.35,0
190,1092,47,1,39.9,0
191,1093,2,2,93.45,0
192,1094,43,1,39,0.25
193,1095,7,2,129,0
194,1095,35,1,199,0
195,1096,20,2,42,0
196,1096,40,1,29,0
197,1096,17,4,29,0
198,1097,31,1,51.45,0
199,1097,40,2,30.45,0
200,1098,41,1,303.45,0.05
201,1098,47,1,39.9,0.05
202,1098,48,1,29.4,0.05
203,1098,12,2,187.95,0.05
204,1099,27,1,51.45,0
205,1100,21,1,471.45,0
206,1101,42,1,54,0
207,1101,39,1,46,0
208,1101,8,1,27,0
209,1101,43,1,39,0
210,1102,39,1,46,0
211,1103,32,3,89,0
212,1104,3,2,45,0
213,1104,9,1,19,0
214,1104,48,2,28,0
215,1104,28,1,35,0
216,1104,42,1,54,0
217,1105,7,2,129,0
218,1105,37,1,72,0
219,1106,40,3,30.45,0
220,1107,48,1,29.4,0
221,1108,43,1,40.95,0
222,1109,8,2,28.35,0
223,1110,44,1,27.3,0.15
224,1110,43,1,40.95,0.15
225,1111,15,2,44,0
226,1111,36,1,65,0
227,1112,5,2,67.2,0
228,1112,2,1,93.45,0
229,1113,13,1,59,0
230,1113,28,1,35,0
231,1114,28,1,35,0
232,1115,34,1,33.6,0
233,1116,7,1,135.45,0
234,1117,16,1,103.95,0
235,1118,44,1,27.3,0
236,1118,47,1,39.9,0
237,1119,11,1,149,0
238,1119,14,1,22,0
239,1120,4,3,124.95,0
240,1121,4,1,124.95,0
241,1121,41,2,303.45,0
242,1122,20,1,44.1,0
243,1122,33,1,82.95,0
244,1122,30,1,72.45,0
245,1122,39,3,48.3,0
246,1122,32,1,93.45,0
247,1123,31,3,51.45,0
248,1123,37,3,75.6,0
249,1124,44,2,27.3,0
250,1125,44,1,27.3,0
251,1125,39,2,48.3,0
252,1126,9,1,19,0
253,1126,30,2,69,0
254,1127,42,1,54,0
255,1127,8,2,27,0
256,1128,27,2,49,0
257,1129,24,1,29,0
258,1130,18,2,74,0
259,1130,5,2,64,0
260,1131,21,1,449,0
261,1132,36,3,65,0
262,1133,32,2,93.45,0.25
263,1134,36,1,68.25,0
264,1135,43,2,40.95,0
265,1135,2,1,93.45,0
266,1136,12,1,179,0
267,1136,15,1,44,0
268,1137,27,1,51.45,0
269,1138,47,1,38,0
270,1138,13,2,59,0
271,1138,22,2,329,0
272,1139,1,1,39,0
273,1140,20,1,42,0
274,1140,48,1,28,0
275,1141,25,1,93.45,0
276,1142,48,1,28,0
277,1142,47,1,38,0
278,1143,7,1,135.45,0
279,1143,36,1,68.25,0
280,1144,14,1,23.1,0
281,1144,25,1,93.45,0
282,1144,23,1,198.45,0
283,1145,13,1,61.95,0
284,1146,5,1,67.2,0
285,1146,19,1,37.8,0
286,1147,28,1,36.75,0.05
287,1147,13,1,61.95,0.05
288,1148,38,1,25.2,0
289,1148,41,1,303.45,0
290,1149,44,1,27.3,0
291,1150,44,1,27.3,0
292,1151,43,1,40.95,0
293,1152,16,2,103.95,0.25
294,1153,19,1,37.8,0
295,1154,32,2,93.45,0
296,1155,20,1,44.1,0
297,1156,42,1,56.7,0
298,1156,40,1,30.45,0
299,1157,20,1,44.1,0
300,1158,41,1,303.45,0
301,1159,13,1,61.95,0
302,1160,30,1,72.45,0.15
303,1160,13,2,61.95,0.15
304,1160,40,2,30.45,0.15
305,1160,37,1,75.6,0.15
306,1160,7,2,135.45,0.15
307,1161,48,1,28,0
308,1162,24,1,30.45,0
309,1163,12,2,187.95,0
310,1163,3,1,47.25,0
311,1164,32,1,93.45,0
312,1165,4,1,124.95,0.25
313,1165,11,3,156.45,0.25
314,1166,30,1,69,0.1
315,1166,1,1,39,0.1
316,1166,46,1,22,0.1
317,1166,47,1,38,0.1
318,1167,30,1,69,0.05
319,1168,42,4,56.7,0
320,1168,39,1,48.3,0
321,1169,34,3,32,0
322,1170,37,1,72,0
323,1170,34,1,32,0
324,1171,30,1,69,0
325,1171,21,4,449,0
326,1171,9,1,19,0
327,1171,19,2,36,0
328,1172,13,2,59,0
329,1172,48,3,28,0
330,1172,4,1,119,0
331,1173,20,2,42,0
332,1174,7,1,129,0
333,1175,40,1,29,0
334,1176,15,1,44,0
335,1177,37,1,72,0
336,1178,20,2,42,0
337,1178,44,1,26,0
338,1179,3,1,45,0
339,1179,12,2,179,0
340,1179,46,1,22,0
341,1180,46,1,22,0.25
342,1180,5,1,64,0.25
343,1180,39,2,46,0.25
344,1181,39,3,46,0
345,1182,25,1,93.45,0
346,1183,19,1,37.8,0
347,1183,40,3,30.45,0
348,1183,43,3,40.95,0
349,1183,25,1,93.45,0
350,1184,11,1,156.45,0
351,1184,28,1,36.75,0
352,1185,30,1,72.45,0
353,1185,17,2,30.45,0
354,1186,46,1,23.1,0
355,1187,23,1,198.45,0
356,1187,36,1,68.25,0
357,1187,19,1,37.8,0
358,1188,23,1,189,0
359,1189,25,1,89,0
360,1190,1,1,39,0.15
361,1191,10,1,24,0
362,1192,20,1,42,0
363,1193,30,1,69,0
364,1194,4,1,119,0.05
365,1194,20,4,42,0.05
366,1194,35,1,199,0.05
367,1195,36,1,65,0.05
368,1195,33,1,79,0.05
369,1195,2,1,89,0.05
370,1196,19,1,36,0
371,1196,11,1,149,0
372,1196,13,1,59,0
373,1197,2,1,89,0
374,1198,38,2,24,0
375,1199,3,1,45,0
376,1199,46,1,22,0
377,1200,44,1,26,0.25
378,1200,6,1,34,0.25
379,1200,15,1,44,0.25
380,1201,1,1,39,0
381,1201,2,1,89,0
382,1202,40,1,29,0
383,1202,14,2,22,0
384,1202,38,1,24,0
385,1203,46,2,22,0
386,1204,24,1,29,0
387,1205,22,1,329,0
388,1205,16,1,99,0
389,1206,28,1,35,0
390,1207,10,1,25.2,0
391,1207,15,2,46.2,0
392,1208,20,1,44.1,0
393,1209,16,2,103.95,0
394,1209,46,1,23.1,0
395,1210,29,1,166.95,0
396,1211,3,1,47.25,0
397,1211,7,1,135.45,0
398,1211,21,1,471.45,0
399,1211,46,1,23.1,0
400,1212,7,2,129,0.25
401,1213,16,2,103.95,0
402,1214,20,2,44.1,0
403,1214,4,1,124.95,0
404,1215,48,1,28,0
405,1216,2,1,89,0
406,1217,4,1,124.95,0
407,1217,6,1,35.7,0
408,1218,40,1,30.45,0
409,1219,27,1,49,0
410,1219,11,1,149,0
411,1219,39,3,46,0
412,1219,14,1,22,0
413,1220,40,1,29,0
414,1221,17,1,29,0.25
415,1222,7,1,129,0
416,1223,25,2,89,0
417,1224,13,1,61.95,0
418,1224,21,1,471.45,0
419,1225,23,1,189,0
420,1226,27,3,51.45,0
421,1227,40,2,30.45,0
422,1228,42,1,54,0
423,1229,20,2,42,0
424,1230,19,1,37.8,0
425,1231,39,1,46,0.15
426,1232,46,2,23.1,0
427,1233,15,1,46.2,0
428,1234,27,3,49,0
429,1235,35,1,199,0
430,1235,39,2,46,0
431,1235,30,1,69,0
432,1236,37,2,72,0
433,1236,25,3,89,0
434,1237,48,1,28,0.15
435,1238,13,1,61.95,0.25
436,1238,19,2,37.8,0.25
437,1238,12,1,187.95,0.25
438,1239,16,1,99,0
439,1239,36,1,65,0
440,1240,17,1,30.45,0
441,1241,45,1,18.9,0
442,1241,33,1,82.95,0
443,1242,26,1,19.95,0
444,1243,35,1,199,0
445,1243,12,1,179,0
446,1244,13,2,59,0
447,1244,41,2,289,0
448,1244,44,1,26,0
449,1245,41,1,303.45,0.15
450,1246,19,1,36,0
451,1247,3,1,45,0
452,1248,14,1,22,0
453,1248,17,1,29,0
454,1248,6,1,34,0
455,1248,28,4,35,0
456,1248,48,1,28,0
457,1249,38,1,24,0
458,1249,24,1,29,0
459,1250,43,1,39,0
460,1250,35,1,199,0
461,1251,27,2,51.45,0
462,1252,11,1,156.45,0.25
463,1252,44,2,27.3,0.25
464,1253,2,2,93.45,0
465,1254,24,1,30.45,0
466,1255,18,1,77.7,0
467,1256,20,1,44.1,0
468,1256,40,1,30.45,0
469,1257,10,1,25.2,0
470,1257,30,1,72.45,0
471,1258,14,1,23.1,0
472,1259,38,1,25.2,0.05
473,1259,19,1,37.8,0.05
474,1259,42,1,56.7,0.05
475,1259,31,1,51.45,0.05
476,1259,21,1,471.45,0.05
477,1260,21,1,471.45,0
478,1260,43,1,40.95,0
479,1260,17,1,30.45,0
480,1260,14,1,23.1,0
481,1261,38,1,25.2,0
482,1262,26,1,19.95,0
483,1262,18,1,77.7,0
484,1262,16,3,103.95,0
485,1263,30,1,72.45,0
486,1264,20,1,44.1,0
487,1265,9,2,19,0
488,1266,12,1,179,0
489,1266,41,2,289,0
490,1267,6,1,34,0
491,1268,31,1,49,0
492,1268,35,2,199,0
493,1268,36,1,65,0
494,1268,7,1,129,0
495,1269,35,1,199,0
496,1270,36,1,65,0
497,1270,29,1,159,0
498,1271,13,1,59,0
499,1271,22,1,329,0
500,1272,42,1,56.7,0
501,1272,26,1,19.95,0
502,1273,43,1,40.95,0
503,1274,44,1,26,0
504,1274,21,1,449,0
505,1275,38,3,25.2,0
506,1276,1,1,40.95,0.15
507,1276,42,1,56.7,0.15
508,1276,48,1,29.4,0.15
509,1277,16,2,103.95,0
510,1278,24,3,30.45,0
511,1278,25,4,93.45,0
512,1279,45,1,18.9,0.15
513,1280,14,1,22,0
514,1281,41,1,289,0
515,1282,4,1,119,0
516,1282,3,1,45,0
517,1282,13,1,59,0
518,1283,6,1,35.7,0
519,1283,31,1,51.45,0
520,1284,43,2,39,0
521,1284,2,2,89,0
522,1284,40,4,29,0
523,1284,36,2,65,0
524,1285,30,3,72.45,0
525,1285,44,1,27.3,0
526,1285,21,1,471.45,0
527,1285,13,1,61.95,0
528,1286,24,1,30.45,0
529,1286,15,1,46.2,0
530,1287,44,2,27.3,0.25
531,1288,21,1,471.45,0
532,1288,29,3,166.95,0
533,1288,30,1,72.45,0
534,1289,17,2,30.45,0
535,1290,36,1,68.25,0
536,1290,27,1,51.45,0
537,1290,17,2,30.45,0
538,1290,39,1,48.3,0
539,1291,31,3,51.45,0
540,1292,24,2,30.45,0
541,1292,17,4,30.45,0
542,1293,9,1,19.95,0
543,1293,20,1,44.1,0
544,1294,35,1,208.95,0
545,1294,47,1,39.9,0
546,1295,31,1,51.45,0
547,1295,4,1,124.95,0
548,1296,45,1,18,0
549,1296,8,1,27,0
550,1296,22,1,329,0
551,1297,19,1,36,0
552,1297,8,1,27,0
553,1297,3,3,45,0
554,1298,24,1,30.45,0
555,1299,30,1,69,0
556,1299,35,1,199,0
557,1300,31,2,51.45,0
558,1300,5,3,67.2,0
559,1301,30,4,72.45,0
560,1301,7,3,135.45,0
561,1302,29,2,166.95,0
562,1303,2,1,93.45,0
563,1304,48,4,29.4,0
564,1304,47,1,39.9,0
565,1304,1,2,40.95,0
566,1305,42,1,56.7,0
567,1306,48,1,29.4,0
568,1307,36,1,68.25,0
569,1307,44,1,27.3,0
570,1308,9,1,19.95,0
571,1308,25,1,93.45,0
572,1309,45,1,18.9,0
573,1310,39,1,46,0
574,1311,42,1,54,0
575,1312,15,3,44,0
576,1312,33,2,79,0
577,1313,1,1,40.95,0
578,1314,12,1,187.95,0
579,1315,19,1,37.8,0
580,1316,39,1,48.3,0
581,1317,15,3,44,0
582,1318,12,1,187.95,0.15
583,1318,18,1,77.7,0.15
584,1319,35,3,208.95,0
585,1320,26,4,19.95,0
586,1321,47,1,38,0
587,1322,24,1,29,0
588,1323,16,2,103.95,0
589,1323,9,3,19.95,0
590,1324,6,2,35.7,0
591,1324,21,1,471.45,0
592,1324,45,2,18.9,0
593,1325,40,1,30.45,0
594,1326,42,1,54,0
595,1327,22,1,329,0
596,1327,8,1,27,0
597,1327,30,1,69,0
598,1327,3,3,45,0
599,1328,25,1,89,0
600,1329,2,2,89,0.1
601,1329,5,1,64,0.1
602,1329,10,2,24,0.1
603,1330,29,1,159,0
604,1331,43,1,39,0
605,1332,35,1,199,0
606,1333,48,1,28,0
607,1334,43,2,40.95,0
608,1334,10,2,25.2,0
609,1335,7,1,135.45,0.1
610,1336,43,1,39,0
611,1337,40,1,29,0
612,1337,16,1,99,0
613,1338,35,1,199,0
614,1338,13,2,59,0
615,1339,14,1,23.1,0
616,1339,29,1,166.95,0
617,1340,28,1,35,0
618,1340,48,1,28,0
619,1341,11,1,149,0.25
620,1341,10,1,24,0.25
621,1342,22,1,345.45,0
622,1342,21,4,471.45,0
623,1343,12,1,187.95,0
624,1343,10,1,25.2,0
625,1344,46,1,23.1,0
626,1345,30,3,72.45,0
627,1345,13,1,61.95,0
628,1346,35,1,208.95,0
629,1346,27,1,51.45,0
630,1347,2,1,89,0
631,1348,40,1,29,0.05
632,1348,17,4,29,0.05
633,1349,31,1,49,0.15
634,1350,14,1,23.1,0
635,1350,12,3,187.95,0
636,1350,24,2,30.45,0
637,1350,4,1,124.95,0
638,1350,30,1,72.45,0
639,1351,48,1,29.4,0
640,1352,24,1,29,0
641,1353,30,1,72.45,0
642,1353,40,1,30.45,0
643,1353,29,4,166.95,0
644,1353,43,1,40.95,0
645,1354,31,1,51.45,0
646,1355,39,3,48.3,0
647,1356,27,2,51.45,0
648,1356,40,1,30.45,0
649,1356,33,1,82.95,0
650,1356,34,1,33.6,0
651,1356,39,1,48.3,0
652,1357,2,1,93.45,0
653,1357,25,3,93.45,0
654,1357,3,1,47.25,0
655,1357,20,2,44.1,0
656,1358,38,2,25.2,0
657,1358,18,2,77.7,0
658,1359,30,1,72.45,0
659,1360,29,1,166.95,0.25
660,1360,24,1,30.45,0.25
661,1360,6,1,35.7,0.25
662,1360,39,1,48.3,0.25
663,1361,45,2,18.9,0
664,1362,12,1,187.95,0.05
665,1363,35,1,208.95,0
666,1364,46,1,23.1,0
667,1365,1,2,39,0
668,1366,31,1,51.45,0
669,1366,23,1,198.45,0
670,1366,30,1,72.45,0
671,1367,13,1,61.95,0
672,1367,20,2,44.1,0
673,1368,25,2,93.45,0
674,1368,28,4,36.75,0
675,1369,23,1,198.45,0.25
676,1369,45,4,18.9,0.25
677,1369,17,1,30.45,0.25
678,1369,3,1,47.25,0.25
679,1369,26,1,19.95,0.25
680,1370,21,1,449,0
681,1370,44,2,26,0
682,1370,1,1,39,0
683,1371,22,1,329,0.05
684,1372,9,1,19,0
685,1372,1,1,39,0
686,1372,7,1,129,0
687,1373,20,1,42,0
688,1374,4,1,124.95,0
689,1375,12,1,179,0
690,1376,15,1,46.2,0.25
691,1376,14,1,23.1,0.25
692,1377,17,1,30.45,0.25
693,1377,15,1,46.2,0.25
694,1377,5,1,67.2,0.25
695,1378,3,2,47.25,0
696,1379,21,3,471.45,0
697,1380,10,1,24,0.1
698,1380,34,1,32,0.1
699,1381,33,1,79,0
700,1382,43,2,40.95,0.25
701,1383,34,1,32,0.05
702,1383,38,1,24,0.05
703,1383,9,1,19,0.05
704,1383,39,1,46,0.05
705,1383,47,1,38,0.05
706,1384,46,3,22,0
707,1384,12,1,179,0
708,1385,11,3,156.45,0
709,1385,25,3,93.45,0
710,1385,19,1,37.8,0
711,1385,7,1,135.45,0
712,1385,17,1,30.45,0
713,1386,39,2,46,0
714,1387,42,1,56.7,0
715,1387,10,1,25.2,0
716,1387,6,1,35.7,0
717,1388,33,2,82.95,0
718,1388,17,1,30.45,0
719,1388,39,2,48.3,0
720,1388,23,2,198.45,0
721,1389,43,1,40.95,0.05
722,1390,47,1,39.9,0
723,1390,30,3,72.45,0
724,1391,9,1,19.95,0.1
725,1392,8,1,28.35,0.15
726,1392,32,2,93.45,0.15
727,1393,22,1,345.45,0.15
728,1393,9,1,19.95,0.15
729,1394,14,1,23.1,0
730,1395,36,3,65,0
731,1396,30,1,72.45,0
732,1397,13,4,61.95,0
733,1398,40,1,30.45,0
734,1398,16,1,103.95,0
735,1398,39,1,48.3,0
736,1398,31,2,51.45,0
737,1399,46,1,22,0
738,1399,7,1,129,0
739,1399,28,1,35,0
740,1400,26,2,19.95,0.25
741,1400,47,1,39.9,0.25
742,1400,28,3,36.75,0.25
743,1400,43,1,40.95,0.25
744,1401,25,1,89,0
745,1401,45,1,18,0
746,1402,10,4,24,0.15
747,1403,46,2,23.1,0
748,1404,13,3,59,0
749,1405,48,1,28,0.15
750,1405,22,2,329,0.15
751,1406,41,1,289,0
752,1407,1,1,40.95,0
753,1408,32,1,89,0
754,1409,32,1,89,0
755,1410,29,1,159,0.1
756,1410,19,3,36,0.1
757,1410,24,2,29,0.1
758,1410,23,2,189,0.1
759,1411,33,1,82.95,0
760,1412,45,1,18.9,0
761,1412,2,1,93.45,0
762,1412,29,1,166.95,0
763,1413,27,1,51.45,0
764,1414,33,1,82.95,0.1
765,1414,31,1,51.45,0.1
766,1415,27,1,51.45,0
767,1416,42,1,56.7,0
768,1417,10,3,25.2,0
769,1417,13,1,61.95,0
770,1417,29,2,166.95,0
771,1418,14,2,23.1,0
772,1419,39,1,48.3,0
773,1420,6,1,35.7,0.05
774,1420,35,1,208.95,0.05
775,1421,35,1,208.95,0
776,1422,10,1,25.2,0
777,1422,19,2,37.8,0
778,1423,15,3,46.2,0.25
779,1423,19,1,37.8,0.25
780,1424,4,1,124.95,0
781,1424,35,1,208.95,0
782,1424,36,1,68.25,0
783,1425,13,3,61.95,0
784,1425,5,2,67.2,0
785,1426,23,2,198.45,0.05
786,1427,15,1,46.2,0
787,1428,48,3,28,0
788,1428,12,1,179,0
789,1429,1,1,39,0
790,1430,8,2,27,0
791,1430,21,2,449,0
792,1431,43,2,39,0
793,1431,18,1,74,0
794,1432,12,2,179,0
795,1432,25,1,89,0
796,1432,47,3,38,0
797,1432,1,1,39,0
798,1433,17,1,29,0.25
799,1434,37,1,72,0
800,1435,21,3,471.45,0.05
801,1436,2,1,89,0
802,1436,7,3,129,0
803,1436,5,1,64,0
804,1436,35,1,199,0
805,1437,15,1,46.2,0
806,1438,9,1,19.95,0
807,1439,29,1,166.95,0
808,1440,43,2,39,0
809,1440,34,4,32,0
810,1440,27,1,49,0
811,1441,27,2,49,0
812,1442,15,1,44,0
813,1442,1,1,39,0
814,1443,23,2,198.45,0
815,1444,31,1,51.45,0
816,1444,4,1,124.95,0
817,1445,12,1,179,0
818,1446,44,2,27.3,0
819,1447,1,1,40.95,0.1
820,1448,11,1,149,0
821,1448,33,4,79,0
822,1448,14,2,22,0
823,1448,42,2,54,0
824,1448,39,1,46,0
825,1449,36,1,68.25,0
826,1449,45,3,18.9,0
827,1449,40,1,30.45,0
828,1450,1,1,39,0
829,1450,13,2,59,0
830,1451,39,1,48.3,0
831,1452,10,1,25.2,0
832,1452,16,1,103.95,0
833,1453,42,1,56.7,0.1
834,1454,41,3,303.45,0
835,1455,38,2,25.2,0
836,1456,25,1,93.45,0
837,1457,44,2,27.3,0
838,1457,45,1,18.9,0
839,1458,28,1,36.75,0
840,1458,4,1,124.95,0
841,1459,10,1,25.2,0
842,1459,33,1,82.95,0
843,1460,25,1,93.45,0
844,1460,30,1,72.45,0
845,1461,31,3,51.45,0
846,1462,46,1,23.1,0
847,1462,25,2,93.45,0
848,1463,35,2,208.95,0
849,1463,5,1,67.2,0
850,1463,24,3,30.45,0
851,1463,28,3,36.75,0
852,1463,45,2,18.9,0
853,1464,2,1,93.45,0
854,1465,10,2,25.2,0
855,1465,3,2,47.25,0
856,1465,30,1,72.45,0
857,1466,19,1,36,0
858,1466,8,1,27,0
859,1467,39,1,48.3,0
860,1467,46,1,23.1,0
861,1467,22,1,345.45,0
862,1468,42,1,56.7,0
863,1469,5,1,64,0.1
864,1469,26,1,19,0.1
865,1469,30,3,69,0.1
866,1469,40,1,29,0.1
867,1470,7,1,129,0
868,1470,4,1,119,0
869,1471,44,1,27.3,0
870,1472,16,3,103.95,0
871,1473,24,1,30.45,0
872,1474,6,1,35.7,0
873,1475,5,1,64,0
874,1475,35,1,199,0
875,1476,7,1,129,0
876,1477,32,1,93.45,0.25
877,1477,38,1,25.2,0.25
878,1477,14,1,23.1,0.25
879,1478,6,1,35.7,0
880,1478,20,1,44.1,0
881,1478,12,1,187.95,0
882,1479,12,1,187.95,0
883,1480,1,1,40.95,0.15
884,1481,6,1,35.7,0
885,1481,24,2,30.45,0
886,1482,38,1,24,0
887,1483,1,3,40.95,0
888,1484,39,1,46,0
889,1484,24,1,29,0
890,1484,36,2,65,0
891,1485,30,2,72.45,0
892,1485,16,4,103.95,0
893,1486,24,1,30.45,0
894,1486,16,2,103.95,0
895,1487,13,1,61.95,0
896,1487,15,1,46.2,0
897,1488,31,1,49,0
898,1489,43,1,39,0
899,1489,25,1,89,0
900,1489,46,1,22,0
901,1490,47,1,38,0
902,1490,43,2,39,0
903,1490,36,2,65,0
904,1491,42,1,54,0
905,1491,46,2,22,0
906,1492,44,4,27.3,0
907,1492,10,2,25.2,0
908,1492,9,1,19.95,0
909,1492,24,1,30.45,0
910,1493,28,3,35,0
911,1493,24,2,29,0
912,1494,42,1,56.7,0
913,1495,9,1,19.95,0
914,1496,41,1,303.45,0
915,1497,7,2,135.45,0
916,1498,19,1,37.8,0.25
917,1498,37,1,75.6,0.25
918,1499,43,1,40.95,0.25
919,1499,42,1,56.7,0.25
920,1499,45,1,18.9,0.25
921,1499,2,2,93.45,0.25
922,1500,6,1,35.7,0
923,1500,28,1,36.75,0
924,1501,47,1,39.9,0
925,1502,13,1,61.95,0
926,1503,5,1,67.2,0.15
927,1504,35,1,208.95,0
928,1505,27,3,51.45,0
929,1506,47,2,39.9,0
930,1506,46,1,23.1,0
931,1506,40,1,30.45,0
932,1506,28,1,36.75,0
933,1507,18,2,77.7,0.05
934,1507,13,3,61.95,0.05
935,1508,2,2,93.45,0
936,1508,20,1,44.1,0
937,1509,30,1,72.45,0
938,1510,47,1,39.9,0.25
939,1511,31,3,51.45,0.1
940,1512,21,1,471.45,0.1
941,1512,38,1,25.2,0.1
942,1512,11,1,156.45,0.1
943,1513,48,1,29.4,0
944,1513,45,1,18.9,0
945,1514,48,2,29.4,0
946,1515,36,1,68.25,0
947,1515,24,1,30.45,0
948,1515,47,1,39.9,0
949,1515,31,1,51.45,0
950,1516,40,1,30.45,0
951,1517,33,2,82.95,0
952,1517,30,3,72.45,0
953,1517,14,1,23.1,0
954,1518,20,1,44.1,0.25
955,1519,10,1,25.2,0
956,1519,21,1,471.45,0
957,1520,9,2,19.95,0
958,1520,20,3,44.1,0
959,1521,38,1,25.2,0
960,1522,34,1,33.6,0
961,1522,44,1,27.3,0
962,1522,18,1,77.7,0
963,1522,13,1,61.95,0
964,1523,33,3,82.95,0
965,1524,31,2,51.45,0.05
966,1524,22,2,345.45,0.05
967,1525,43,1,40.95,0
968,1525,27,1,51.45,0
969,1526,46,1,23.1,0
970,1526,17,4,30.45,0
971,1526,12,1,187.95,0
972,1527,9,1,19.95,0
973,1527,30,1,72.45,0
974,1527,23,1,198.45,0
975,1528,21,1,471.45,0
976,1528,36,1,68.25,0
977,1529,39,1,48.3,0.25
978,1530,42,2,56.7,0.25
979,1530,35,4,208.95,0.25
980,1531,26,1,19.95,0
981,1532,1,1,40.95,0
982,1532,7,1,135.45,0
983,1533,35,1,208.95,0
984,1534,27,1,51.45,0
985,1534,43,2,40.95,0
986,1535,47,2,38,0
987,1536,12,1,179,0
988,1537,6,1,34,0
989,1538,36,1,65,0
990,1538,27,2,49,0
991,1539,41,1,303.45,0
992,1539,40,1,30.45,0
993,1540,38,1,24,0
994,1541,45,1,18,0
995,1541,16,1,99,0
996,1542,3,1,45,0.15
997,1542,13,1,59,0.15
998,1543,39,2,48.3,0
999,1543,48,2,29.4,0
1000,1544,34,1,33.6,0
1001,1545,45,2,18,0
1002,1545,37,2,72,0
1003,1546,45,1,18.9,0
1004,1546,39,1,48.3,0
1005,1546,24,2,30.45,0
1006,1547,1,1,40.95,0
1007,1547,29,1,166.95,0
1008,1548,23,1,198.45,0
1009,1548,3,1,47.25,0
1010,1549,14,1,23.1,0
1011,1550,11,1,156.45,0
1012,1550,8,1,28.35,0
1013,1551,9,1,19.95,0.15
1014,1551,6,1,35.7,0.15
1015,1552,46,1,23.1,0
1016,1553,4,1,119,0
1017,1553,37,1,72,0
1018,1553,27,1,49,0
1019,1553,42,2,54,0
1020,1554,27,1,51.45,0
1021,1555,38,2,24,0
1022,1555,46,1,22,0
1023,1555,10,1,24,0
1024,1556,34,1,32,0
1025,1557,37,4,72,0
1026,1557,4,1,119,0
1027,1557,40,1,29,0
1028,1558,14,3,22,0
1029,1558,44,2,26,0
1030,1559,38,2,24,0
1031,1560,2,1,89,0
1032,1561,1,1,39,0
1033,1561,45,1,18,0
1034,1562,1,1,40.95,0
1035,1563,45,1,18.9,0.05
1036,1563,22,1,345.45,0.05
1037,1563,47,1,39.9,0.05
1038,1563,42,3,56.7,0.05
1039,1564,41,1,303.45,0
1040,1565,13,1,61.95,0
1041,1565,48,2,29.4,0
1042,1566,29,1,166.95,0
1043,1567,46,4,23.1,0
1044,1568,25,1,93.45,0
1045,1569,41,1,303.45,0
1046,1569,7,1,135.45,0
1047,1570,48,4,29.4,0.25
1048,1570,12,1,187.95,0.25
1049,1570,9,1,19.95,0.25
1050,1571,35,1,208.95,0
1051,1572,24,1,30.45,0
1052,1573,39,1,48.3,0
1053,1573,25,1,93.45,0
1054,1574,18,1,77.7,0
1055,1574,33,1,82.95,0
1056,1575,43,1,40.95,0.25
1057,1575,24,1,30.45,0.25
1058,1576,25,2,93.45,0
1059,1576,6,1,35.7,0
1060,1577,33,2,82.95,0
1061,1578,9,1,19.95,0
1062,1578,36,1,68.25,0
1063,1578,3,1,47.25,0
1064,1578,11,2,156.45,0
1065,1578,15,1,46.2,0
1066,1579,12,1,187.95,0
1067,1580,19,1,37.8,0.05
1068,1580,39,1,48.3,0.05
1069,1580,18,1,77.7,0.05
1070,1581,39,1,48.3,0
1071,1581,37,1,75.6,0
1072,1582,4,1,124.95,0.05
1073,1583,20,1,44.1,0.1
1074,1583,13,1,61.95,0.1
1075,1584,27,1,51.45,0
1076,1585,39,1,48.3,0
1077,1585,33,1,82.95,0
1078,1586,2,3,89,0
1079,1586,14,2,22,0
1080,1587,47,1,39.9,0
1081,1587,8,1,28.35,0
1082,1588,24,3,30.45,0
1083,1588,27,1,51.45,0
1084,1589,27,2,51.45,0
1085,1589,9,3,19.95,0
1086,1590,13,1,61.95,0
1087,1590,24,1,30.45,0
1088,1591,40,1,29,0
1089,1592,13,1,61.95,0
1090,1593,22,1,345.45,0
1091,1594,37,1,75.6,0
1092,1594,21,2,471.45,0
1093,1595,19,1,37.8,0
1094,1596,48,1,29.4,0
1095,1596,30,1,72.45,0
1096,1597,6,1,35.7,0
1097,1597,28,1,36.75,0
1098,1598,45,1,18.9,0
1099,1598,8,1,28.35,0
1100,1598,15,2,46.2,0
1101,1599,2,2,93.45,0
1102,1600,18,3,77.7,0
1103,1601,19,1,37.8,0.05
1104,1602,14,1,23.1,0.25
1105,1602,10,1,25.2,0.25
1106,1603,22,1,345.45,0.1
1107,1604,12,2,187.95,0
1108,1604,27,2,51.45,0
1109,1605,8,1,28.35,0
1110,1606,8,1,28.35,0
1111,1606,7,2,135.45,0
1112,1607,13,1,61.95,0
1113,1608,42,3,56.7,0
1114,1608,28,1,36.75,0
1115,1609,41,2,303.45,0
1116,1609,19,1,37.8,0
1117,1609,48,1,29.4,0
1118,1610,36,3,68.25,0.25
1119,1611,20,2,44.1,0
1120,1611,22,1,345.45,0
1121,1612,31,2,49,0
1122,1613,9,1,19,0
1123,1613,21,1,449,0
1124,1614,9,1,19,0
1125,1615,9,1,19,0
1126,1616,11,1,149,0
1127,1617,1,2,39,0
1128,1617,10,2,24,0
1129,1618,44,2,27.3,0
1130,1619,22,2,345.45,0
1131,1620,19,1,37.8,0
1132,1621,25,2,93.45,0.25
1133,1621,40,1,30.45,0.25
1134,1622,16,3,103.95,0
1135,1623,20,1,44.1,0
1136,1624,39,1,48.3,0
1137,1625,3,1,45,0.1
1138,1626,28,4,35,0.1
1139,1626,13,1,59,0.1
1140,1627,14,1,22,0
1141,1627,48,2,28,0
1142,1627,10,1,24,0
1143,1628,33,1,79,0
1144,1628,14,1,22,0
1145,1628,19,1,36,0
1146,1628,13,1,59,0
1147,1628,12,1,179,0
1148,1629,4,1,119,0
1149,1630,6,2,34,0
1150,1630,37,1,72,0
1151,1631,40,2,30.45,0
1152,1631,2,2,93.45,0
1153,1632,18,4,74,0
1154,1632,5,1,64,0
1155,1633,45,1,18.9,0
1156,1633,11,1,156.45,0
1157,1634,34,1,33.6,0
1158,1635,46,1,23.1,0.25
1159,1635,13,1,61.95,0.25
1160,1635,14,1,23.1,0.25
1161,1635,38,1,25.2,0.25
1162,1636,2,2,93.45,0
1163,1637,6,1,35.7,0
1164,1638,13,1,61.95,0
1165,1638,32,4,93.45,0
1166,1639,43,1,39,0.15
1167,1639,8,1,27,0.15
1168,1639,12,1,179,0.15
1169,1640,46,1,22,0.05
1170,1640,36,2,65,0.05
1171,1640,33,1,79,0.05
1172,1640,48,2,28,0.05
1173,1640,39,1,46,0.05
1174,1641,19,1,36,0.25
1175,1641,10,1,24,0.25
1176,1642,42,2,56.7,0
1177,1643,24,3,30.45,0
1178,1643,29,1,166.95,0
1179,1644,10,3,24,0
1180,1644,22,2,329,0
1181,1645,2,1,93.45,0
1182,1645,33,1,82.95,0
1183,1646,46,1,23.1,0.05
1184,1647,12,1,187.95,0
1185,1648,47,4,39.9,0
1186,1649,43,2,40.95,0.15
1187,1649,23,2,198.45,0.15
1188,1650,35,4,199,0
1189,1651,32,1,93.45,0.25
1190,1651,17,1,30.45,0.25
1191,1651,21,2,471.45,0.25
1192,1652,21,1,449,0
1193,1653,48,1,29.4,0
1194,1653,25,1,93.45,0
1195,1654,17,1,30.45,0
1196,1655,42,1,54,0
1197,1656,22,1,329,0.25
1198,1657,22,2,345.45,0
1199,1657,9,2,19.95,0
1200,1657,47,1,39.9,0
1201,1657,24,2,30.45,0
1202,1657,3,2,47.25,0
1203,1658,15,1,44,0
1204,1658,42,1,54,0
1205,1659,24,1,30.45,0
1206,1659,14,1,23.1,0
1207,1659,7,4,135.45,0
1208,1660,48,1,29.4,0
1209,1661,33,1,82.95,0.15
1210,1661,22,1,345.45,0.15
1211,1661,44,1,27.3,0.15
1212,1662,39,1,48.3,0
1213,1663,4,1,124.95,0.25
1214,1664,44,2,26,0
1215,1664,22,1,329,0
1216,1665,43,1,39,0.25
1217,1666,26,2,19,0.1
1218,1667,26,1,19.95,0
1219,1667,42,3,56.7,0
1220,1668,29,1,166.95,0
1221,1668,40,1,30.45,0
1222,1668,14,4,23.1,0
1223,1669,37,2,75.6,0.1
1224,1670,2,1,93.45,0.1
1225,1671,29,4,166.95,0
1226,1671,32,4,93.45,0
1227,1672,6,1,35.7,0
1228,1672,14,2,23.1,0
1229,1672,31,2,51.45,0
1230,1673,36,2,68.25,0
1231,1674,10,1,25.2,0
1232,1675,29,1,159,0
1233,1676,9,1,19,0
1234,1676,4,1,119,0
1235,1677,21,2,449,0
1236,1678,20,1,42,0
1237,1678,9,1,19,0
1238,1678,28,1,35,0
1239,1679,39,1,46,0
1240,1679,5,1,64,0
1241,1679,2,4,89,0
1242,1680,44,2,27.3,0
1243,1680,28,1,36.75,0
1244,1681,44,2,27.3,0.15
1245,1682,8,2,27,0
1246,1683,37,1,75.6,0
1247,1683,25,1,93.45,0
1248,1684,21,2,471.45,0
1249,1685,33,4,82.95,0
1250,1686,21,1,471.45,0
1251,1686,45,1,18.9,0
1252,1687,48,1,28,0
1253,1687,37,1,72,0
1254,1688,34,2,32,0
1255,1689,35,1,199,0
1256,1689,6,1,34,0
1257,1690,14,2,22,0.25
1258,1690,28,1,35,0.25
1259,1690,16,1,99,0.25
1260,1691,2,1,89,0
1261,1691,35,1,199,0
1262,1691,29,1,159,0
1263,1692,41,3,289,0
1264,1692,21,1,449,0
1265,1692,3,4,45,0
1266,1692,6,1,34,0
1267,1693,40,3,29,0
1268,1694,27,3,49,0
1269,1694,22,1,329,0
1270,1695,27,2,49,0
1271,1695,23,1,189,0
1272,1695,16,2,99,0
1273,1695,6,1,34,0
1274,1696,47,1,38,0
1275,1696,48,1,28,0
1276,1697,7,1,129,0.15
1277,1697,26,1,19,0.15
1278,1698,17,1,29,0
1279,1698,40,1,29,0
1280,1698,32,1,89,0
1281,1699,3,1,45,0.25
1282,1700,32,3,93.45,0
1283,1700,10,3,25.2,0
1284,1700,23,3,198.45,0
1285,1700,12,2,187.95,0
1286,1701,21,1,449,0
1287,1702,20,1,42,0
1288,1702,23,1,189,0
1289,1702,2,1,89,0
1290,1702,33,1,79,0
1291,1703,1,1,40.95,0
1292,1704,27,3,49,0
1293,1704,5,1,64,0
1294,1705,13,4,59,0
1295,1706,7,1,129,0.25
1296,1707,41,1,289,0
1297,1708,13,1,59,0
1298,1709,7,1,129,0
1299,1710,28,1,35,0
1300,1710,40,1,29,0
1301,1711,30,2,72.45,0
1302,1711,36,4,68.25,0
1303,1711,29,1,166.95,0
1304,1711,12,1,187.95,0
1305,1712,38,2,25.2,0
1306,1713,16,2,99,0
1307,1713,40,3,29,0
1308,1713,41,1,289,0
1309,1714,17,1,29,0
1310,1715,20,2,44.1,0
1311,1716,21,1,449,0.25
1312,1716,42,1,54,0.25
1313,1716,33,1,79,0.25
1314,1717,9,4,19,0
1315,1718,37,1,75.6,0
1316,1719,7,2,135.45,0
1317,1720,32,2,93.45,0.25
1318,1721,35,1,208.95,0.25
1319,1722,22,1,345.45,0
1320,1722,32,1,93.45,0
1321,1723,48,1,29.4,0.05
1322,1723,29,2,166.95,0.05
1323,1723,12,2,187.95,0.05
1324,1724,4,1,124.95,0
1325,1725,36,3,68.25,0
1326,1726,15,1,46.2,0
1327,1726,46,2,23.1,0
1328,1726,45,1,18.9,0
1329,1726,43,3,40.95,0
1330,1726,41,2,303.45,0
1331,1727,14,3,23.1,0
1332,1727,16,1,103.95,0
1333,1727,25,1,93.45,0
1334,1727,47,1,39.9,0
1335,1727,13,3,61.95,0
1336,1728,22,1,345.45,0
1337,1729,1,2,40.95,0
1338,1729,4,1,124.95,0
1339,1729,15,1,46.2,0
1340,1729,9,1,19.95,0
1341,1729,33,1,82.95,0
1342,1730,12,1,187.95,0
1343,1730,40,1,30.45,0
1344,1731,25,1,93.45,0.15
1345,1732,24,3,30.45,0
1346,1732,38,1,25.2,0
1347,1733,31,1,51.45,0
1348,1734,5,1,67.2,0
1349,1734,39,1,48.3,0
1350,1734,9,1,19.95,0
1351,1735,15,3,46.2,0.25
1352,1735,41,1,303.45,0.25
1353,1736,2,1,93.45,0
1354,1737,18,1,77.7,0
1355,1737,32,1,93.45,0
1356,1738,40,1,30.45,0.25
1357,1738,43,1,40.95,0.25
1358,1739,31,1,51.45,0
1359,1740,2,1,93.45,0
1360,1741,33,4,82.95,0
1361,1741,42,1,56.7,0
1362,1741,6,1,35.7,0
1363,1741,47,1,39.9,0
1364,1742,24,1,30.45,0
1365,1743,20,2,44.1,0
1366,1744,14,2,23.1,0
1367,1745,26,1,19.95,0
1368,1745,21,2,471.45,0
1369,1745,10,1,25.2,0
1370,1745,25,1,93.45,0
1371,1746,32,1,93.45,0
1372,1746,10,1,25.2,0
1373,1746,43,2,40.95,0
1374,1746,15,1,46.2,0
1375,1747,23,2,189,0
1376,1748,11,1,149,0
1377,1749,17,1,30.45,0
1378,1749,5,1,67.2,0
1379,1750,8,2,27,0
1380,1751,41,1,303.45,0
1381,1751,39,1,48.3,0
1382,1752,19,1,37.8,0
1383,1752,21,1,471.45,0
1384,1753,1,1,40.95,0
1385,1753,46,3,23.1,0
1386,1754,14,2,23.1,0
1387,1754,37,1,75.6,0
1388,1754,4,1,124.95,0
1389,1754,28,2,36.75,0
1390,1755,38,1,24,0
1391,1756,17,1,29,0
1392,1757,47,1,39.9,0
1393,1757,11,3,156.45,0
1394,1757,22,1,345.45,0
1395,1757,19,4,37.8,0
1396,1758,1,1,40.95,0
1397,1758,48,1,29.4,0
1398,1759,42,1,56.7,0
1399,1760,8,1,28.35,0
1400,1760,28,2,36.75,0
1401,1761,28,1,36.75,0
1402,1761,4,1,124.95,0
1403,1761,43,2,40.95,0
1404,1762,7,1,135.45,0
1405,1763,5,1,67.2,0
1406,1763,46,1,23.1,0
1407,1764,17,1,30.45,0
1408,1765,40,1,30.45,0
1409,1765,15,1,46.2,0
1410,1765,25,1,93.45,0
1411,1765,2,1,93.45,0
1412,1766,28,2,36.75,0
1413,1766,2,1,93.45,0
1414,1767,16,1,103.95,0
1415,1768,26,1,19.95,0
1416,1769,43,3,40.95,0
1417,1770,32,1,93.45,0
1418,1770,12,1,187.95,0
1419,1771,47,3,39.9,0
1420,1772,29,1,166.95,0
1421,1772,44,1,27.3,0
1422,1773,5,1,67.2,0
1423,1774,28,1,36.75,0
1424,1774,35,1,208.95,0
1425,1774,40,2,30.45,0
1426,1775,21,2,449,0
1427,1776,17,1,30.45,0
1428,1777,1,1,40.95,0
1429,1778,20,1,42,0
1430,1779,17,2,29,0
1431,1779,22,1,329,0
1432,1779,40,1,29,0
1433,1780,1,4,40.95,0
1434,1781,19,1,37.8,0
1435,1781,11,1,156.45,0
1436,1781,28,1,36.75,0
1437,1782,14,1,23.1,0
1438,1783,42,1,56.7,0
1439,1784,8,1,28.35,0
1440,1785,24,2,30.45,0
1441,1785,36,1,68.25,0
1442,1785,8,1,28.35,0
1443,1786,33,1,82.95,0.25
1444,1786,32,1,93.45,0.25
1445,1787,13,2,61.95,0
1446,1788,34,1,33.6,0
1447,1788,43,1,40.95,0
1448,1788,10,1,25.2,0
1449,1788,42,2,56.7,0
1450,1788,16,1,103.95,0
1451,1789,9,1,19.95,0
1452,1789,30,2,72.45,0
1453,1790,1,1,40.95,0
1454,1790,11,2,156.45,0
1455,1791,13,1,61.95,0
1456,1791,46,2,23.1,0
1457,1791,25,2,93.45,0
1458,1792,7,1,135.45,0
1459,1792,41,2,303.45,0
1460,1793,20,1,44.1,0
1461,1794,40,1,30.45,0.25
1462,1795,32,3,93.45,0
1463,1795,29,1,166.95,0
1464,1796,36,2,68.25,0.25
1465,1797,28,3,36.75,0
1466,1797,41,1,303.45,0
1467,1798,15,1,46.2,0
1468,1799,1,1,40.95,0
1469,1799,42,1,56.7,0
1470,1800,41,1,303.45,0
1471,1801,16,2,99,0
1472,1801,15,1,44,0
1473,1801,7,1,129,0
1474,1802,25,1,89,0.1
1475,1802,24,2,29,0.1
1476,1802,36,3,65,0.1
1477,1802,39,1,46,0.1
1478,1803,20,1,44.1,0
1479,1803,25,1,93.45,0
1480,1803,26,2,19.95,0
1481,1804,4,2,119,0
1482,1804,18,1,74,0
1483,1805,42,1,54,0
1484,1806,37,2,72,0
1485,1806,44,2,26,0
1486,1806,40,1,29,0
1487,1806,33,2,79,0
1488,1807,16,1,99,0
1489,1807,2,1,89,0
1490,1808,40,3,29,0
1491,1809,6,1,34,0
1492,1809,34,1,32,0
1493,1809,28,1,35,0
1494,1810,2,1,89,0
1495,1810,26,2,19,0
1496,1810,17,1,29,0
1497,1811,31,1,49,0
1498,1811,47,1,38,0
1499,1812,2,1,89,0
1500,1812,37,2,72,0
1501,1813,23,1,198.45,0
1502,1813,22,3,345.45,0
1503,1814,44,1,27.3,0
1504,1815,25,2,93.45,0
1505,1815,2,1,93.45,0
1506,1816,6,3,35.7,0
1507,1817,45,2,18.9,0
1508,1817,11,1,156.45,0
1509,1817,23,1,198.45,0
1510,1817,33,1,82.95,0
1511,1818,32,1,93.45,0
1512,1819,31,1,49,0
1513,1820,8,1,27,0
1514,1821,46,1,22,0
1515,1821,33,1,79,0
1516,1822,18,2,74,0
1517,1823,21,1,449,0
1518,1823,4,3,119,0
1519,1824,33,1,79,0
1520,1824,28,1,35,0
1521,1824,1,1,39,0
1522,1824,38,1,24,0
1523,1825,32,2,89,0
1524,1826,20,2,44.1,0
1525,1826,33,1,82.95,0
1526,1827,17,1,29,0.05
1527,1827,32,1,89,0.05
1528,1828,44,1,27.3,0.05
1529,1828,46,2,23.1,0.05
1530,1828,19,1,37.8,0.05
1531,1829,7,2,129,0.1
1532,1829,17,1,29,0.1
1533,1829,15,1,44,0.1
1534,1829,20,1,42,0.1
1535,1829,39,1,46,0.1
1536,1830,2,1,93.45,0
1537,1831,10,2,25.2,0
1538,1831,17,2,30.45,0
1539,1832,2,1,93.45,0
1540,1832,43,2,40.95,0
1541,1833,16,1,99,0
1542,1834,42,3,56.7,0
1543,1834,6,2,35.7,0
1544,1835,34,2,32,0
1545,1836,27,1,49,0.25
1546,1836,19,1,36,0.25
1547,1836,29,1,159,0.25
1548,1837,20,1,44.1,0
1549,1837,24,1,30.45,0
1550,1838,46,2,23.1,0
1551,1839,27,1,51.45,0
1552,1839,37,1,75.6,0
1553,1840,47,1,38,0
1554,1841,32,1,93.45,0
1555,1842,16,2,99,0
1556,1842,7,1,129,0
1557,1843,11,1,149,0
1558,1843,42,2,54,0
1559,1843,38,1,24,0
1560,1844,35,1,199,0
1561,1845,13,1,61.95,0
1562,1846,41,1,289,0
1563,1846,13,2,59,0
1564,1846,14,1,22,0
1565,1847,4,3,124.95,0.15
1566,1847,11,1,156.45,0.15
1567,1847,37,1,75.6,0.15
1568,1848,33,4,82.95,0
1569,1849,2,1,93.45,0.15
1570,1849,21,1,471.45,0.15
1571,1850,24,1,30.45,0
1572,1851,2,1,93.45,0.05
1573,1851,19,1,37.8,0.05
1574,1851,4,1,124.95,0.05
1575,1852,30,2,72.45,0.1
1576,1853,21,1,471.45,0
1577,1853,18,1,77.7,0
1578,1853,7,1,135.45,0
1579,1853,37,1,75.6,0
1580,1853,2,4,93.45,0
1581,1854,37,1,75.6,0
1582,1855,19,1,37.8,0
1583,1856,19,3,37.8,0
1584,1856,22,1,345.45,0
1585,1856,1,2,40.95,0
1586,1856,4,2,124.95,0
1587,1857,24,1,30.45,0
1588,1858,8,1,28.35,0
1589,1859,27,3,51.45,0
1590,1860,16,2,103.95,0.25
1591,1860,19,1,37.8,0.25
1592,1860,42,1,56.7,0.25
1593,1860,20,1,44.1,0.25
1594,1861,37,1,75.6,0.1
1595,1862,13,2,61.95,0
1596,1863,13,1,59,0
1597,1863,41,1,289,0
1598,1864,39,1,48.3,0
1599,1864,47,1,39.9,0
1600,1864,12,1,187.95,0
1601,1864,3,2,47.25,0
1602,1864,17,1,30.45,0
1603,1865,44,1,27.3,0
1604,1866,38,2,25.2,0
1605,1866,25,4,93.45,0
1606,1867,13,2,61.95,0.15
1607,1867,16,1,103.95,0.15
1608,1868,7,1,129,0
1609,1868,48,1,28,0
1610,1869,43,1,40.95,0
1611,1870,18,1,77.7,0
1612,1871,38,1,25.2,0
1613,1871,18,1,77.7,0
1614,1872,2,1,93.45,0
1615,1872,39,1,48.3,0
1616,1872,18,1,77.7,0
1617,1872,4,1,124.95,0
1618,1872,28,1,36.75,0
1619,1873,40,1,30.45,0
1620,1873,9,2,19.95,0
1621,1874,23,1,198.45,0
1622,1875,38,1,25.2,0
1623,1876,7,1,135.45,0
1624,1876,12,1,187.95,0
1625,1876,32,1,93.45,0
1626,1877,25,1,93.45,0.15
1627,1877,9,1,19.95,0.15
1628,1878,32,1,93.45,0
1629,1878,22,2,345.45,0
1630,1879,30,1,72.45,0
1631,1880,8,1,28.35,0
1632,1881,27,1,51.45,0
1633,1881,24,1,30.45,0
1634,1882,18,1,77.7,0
1635,1883,20,1,42,0
1636,1883,2,1,89,0
1637,1883,23,1,189,0
1638,1884,43,1,39,0
1639,1884,13,1,59,0
1640,1885,31,1,49,0
1641,1886,34,1,32,0
1642,1887,30,1,72.45,0
1643,1888,42,1,56.7,0
1644,1888,24,1,30.45,0
1645,1888,10,2,25.2,0
1646,1889,43,1,40.95,0.25
1647,1889,20,1,44.1,0.25
1648,1889,4,3,124.95,0.25
1649,1889,1,1,40.95,0.25
1650,1890,12,4,187.95,0
1651,1890,24,1,30.45,0
1652,1891,12,1,179,0
1653,1892,26,1,19,0
1654,1892,41,1,289,0
1655,1893,30,2,72.45,0.25
1656,1893,31,1,51.45,0.25
1657,1894,22,4,329,0.05
1658,1894,32,3,89,0.05
1659,1895,34,1,33.6,0
1660,1896,32,2,93.45,0
1661,1896,38,1,25.2,0
1662,1896,3,1,47.25,0
1663,1896,21,1,471.45,0
1664,1897,17,1,30.45,0
1665,1897,36,1,68.25,0
1666,1897,8,1,28.35,0
1667,1898,43,2,40.95,0
1668,1899,34,1,32,0
1669,1899,18,1,74,0
1670,1899,43,1,39,0
1671,1900,26,1,19.95,0
1672,1900,29,1,166.95,0
1673,1900,35,1,208.95,0
1674,1901,44,1,26,0
1675,1901,23,2,189,0
1676,1902,34,1,32,0
1677,1903,46,2,23.1,0
1678,1904,30,1,69,0
1679,1905,22,1,329,0
1680,1906,10,1,25.2,0
1681,1906,35,1,208.95,0
1682,1906,31,1,51.45,0
1683,1906,38,1,25.2,0
1684,1907,11,1,156.45,0
1685,1907,46,1,23.1,0
1686,1907,16,1,103.95,0
1687,1907,47,1,39.9,0
1688,1908,34,1,33.6,0
1689,1908,40,1,30.45,0
1690,1908,27,1,51.45,0
1691,1909,29,3,166.95,0
1692,1909,38,1,25.2,0
1693,1910,4,1,124.95,0
1694,1910,43,1,40.95,0
1695,1910,1,2,40.95,0
1696,1910,16,2,103.95,0
1697,1910,10,1,25.2,0
1698,1911,4,2,124.95,0
1699,1912,5,2,67.2,0
1700,1913,40,1,30.45,0
1701,1913,45,1,18.9,0
1702,1913,29,1,166.95,0
1703,1913,21,1,471.45,0
1704,1914,30,1,72.45,0
1705,1915,34,1,33.6,0
1706,1916,16,2,103.95,0
1707,1916,48,1,29.4,0
1708,1916,28,1,36.75,0
1709,1917,16,1,103.95,0.05
1710,1918,24,2,30.45,0
1711,1919,16,1,103.95,0
1712,1920,24,1,30.45,0
1713,1920,22,1,345.45,0
1714,1921,22,1,345.45,0.05
1715,1922,31,1,49,0
1716,1922,32,1,89,0
1717,1923,38,3,24,0.05
1718,1924,33,1,79,0
1719,1925,7,1,135.45,0
1720,1925,20,2,44.1,0
1721,1925,21,2,471.45,0
1722,1926,44,1,26,0
1723,1927,24,2,29,0.1
1724,1927,48,1,28,0.1
1725,1927,33,1,79,0.1
1726,1928,32,1,89,0.05
1727,1929,44,4,26,0
1728,1929,18,1,74,0
1729,1930,11,1,149,0
1730,1931,40,1,29,0
1731,1931,31,2,49,0
1732,1932,31,1,49,0
1733,1932,13,1,59,0
1734,1933,43,1,39,0
1735,1934,5,3,64,0
1736,1934,6,1,34,0
1737,1935,46,1,22,0
1738,1936,31,2,49,0
1739,1936,40,1,29,0
1740,1937,4,3,124.95,0
1741,1937,36,1,68.25,0
1742,1938,16,1,103.95,0
1743,1939,42,3,54,0
1744,1939,31,2,49,0
1745,1940,48,4,28,0
1746,1941,26,1,19,0
1747,1942,23,1,189,0
1748,1943,44,2,26,0
1749,1944,9,1,19,0.05
1750,1944,33,1,79,0.05
1751,1945,25,1,93.45,0
1752,1946,2,1,93.45,0
1753,1947,24,2,29,0
1754,1948,6,2,35.7,0
1755,1948,20,1,44.1,0
1756,1948,31,1,51.45,0
1757,1949,14,1,23.1,0
1758,1950,41,2,289,0
1759,1950,1,3,39,0
1760,1950,42,1,54,0
1761,1950,13,1,59,0
1762,1951,6,1,34,0
1763,1951,4,1,119,0
1764,1952,22,2,329,0
1765,1953,46,1,23.1,0.1
1766,1953,16,1,103.95,0.1
1767,1953,41,1,303.45,0.1
1768,1954,22,1,345.45,0
1769,1954,14,4,23.1,0
1770,1955,28,1,36.75,0
1771,1955,37,1,75.6,0
1772,1956,21,1,471.45,0
1773,1957,41,1,303.45,0
1774,1957,47,1,39.9,0
1775,1958,32,1,89,0
1776,1958,39,3,46,0
1777,1958,45,1,18,0
1778,1958,11,3,149,0
1779,1959,30,4,69,0
1780,1959,23,3,189,0
1781,1960,45,2,18.9,0
1782,1961,21,3,471.45,0
1783,1961,31,1,51.45,0
1784,1961,23,1,198.45,0
1785,1961,3,1,47.25,0
1786,1961,44,1,27.3,0
1787,1962,13,1,59,0
1788,1962,17,2,29,0
1789,1962,9,1,19,0
1790,1962,47,1,38,0
1791,1963,30,1,72.45,0.15
1792,1964,18,1,77.7,0
1793,1964,32,1,93.45,0
1794,1965,47,1,38,0
1795,1965,45,2,18,0
1796,1965,7,2,129,0
1797,1966,39,2,48.3,0
1798,1966,25,1,93.45,0
1799,1967,13,2,59,0
1800,1967,35,2,199,0
1801,1968,35,1,199,0
1802,1968,7,1,129,0
1803,1968,38,1,24,0
1804,1968,25,2,89,0
1805,1969,3,1,47.25,0
1806,1970,4,1,124.95,0
1807,1970,37,2,75.6,0
1808,1970,1,1,40.95,0
1809,1970,6,1,35.7,0
1810,1970,36,2,68.25,0
1811,1971,8,1,28.35,0
1812,1972,31,3,49,0
1813,1972,12,2,179,0
1814,1973,23,1,198.45,0
1815,1974,11,1,156.45,0.1
1816,1975,34,3,33.6,0
1817,1975,29,1,166.95,0
1818,1976,8,1,28.35,0
1819,1977,31,1,51.45,0
1820,1977,36,1,68.25,0
1821,1978,9,2,19.95,0
1822,1979,14,1,23.1,0
1823,1979,24,2,30.45,0
1824,1980,35,4,208.95,0
1825,1980,10,1,25.2,0
1826,1981,11,1,156.45,0
1827,1981,42,1,56.7,0
1828,1982,40,2,30.45,0
1829,1983,38,1,25.2,0
1830,1984,39,2,48.3,0
1831,1984,3,2,47.25,0
1832,1985,15,1,46.2,0
1833,1986,8,2,28.35,0
1834,1987,36,3,68.25,0.25
1835,1987,37,3,75.6,0.25
1836,1987,44,1,27.3,0.25
1837,1988,18,1,77.7,0
1838,1989,29,2,166.95,0
1839,1990,20,2,44.1,0
1840,1991,31,1,51.45,0
1841,1992,22,1,345.45,0.05
1842,1992,3,1,47.25,0.05
1843,1992,32,1,93.45,0.05
1844,1992,8,1,28.35,0.05
1845,1993,24,1,30.45,0
1846,1994,27,1,51.45,0
1847,1994,23,1,198.45,0
1848,1994,3,1,47.25,0
1849,1994,39,1,48.3,0
1850,1995,12,1,187.95,0
1851,1996,28,1,36.75,0
1852,1996,24,3,30.45,0
1853,1997,20,2,44.1,0
1854,1997,31,1,51.45,0
1855,1998,9,1,19.95,0
1856,1999,47,1,39.9,0
1857,1999,48,1,29.4,0
1858,1999,7,1,135.45,0
1859,1999,45,3,18.9,0
1860,2000,17,1,29,0
1861,2001,29,2,159,0
1862,2002,25,1,89,0
1863,2002,32,1,89,0
1864,2002,39,2,46,0
1865,2002,40,1,29,0
1866,2003,46,4,22,0
1867,2003,31,2,49,0
1868,2003,34,3,32,0
1869,2003,47,2,38,0
1870,2004,30,2,69,0
1871,2004,6,3,34,0
1872,2004,37,1,72,0
1873,2004,9,1,19,0
1874,2004,20,1,42,0
1875,2005,10,1,24,0
1876,2005,24,1,29,0
1877,2005,39,1,46,0
1878,2006,7,2,129,0
1879,2007,23,1,189,0
1880,2007,30,1,69,0
1881,2008,32,2,89,0
1882,2008,38,1,24,0
1883,2009,16,2,103.95,0
1884,2010,5,1,67.2,0
1885,2011,21,1,471.45,0.15
1886,2012,32,1,93.45,0
1887,2012,41,2,303.45,0
1888,2013,2,1,89,0
1889,2013,47,2,38,0
1890,2014,4,1,124.95,0
1891,2014,14,1,23.1,0
1892,2015,30,1,72.45,0
1893,2015,27,1,51.45,0
1894,2016,29,1,159,0
1895,2017,48,1,29.4,0
1896,2017,37,2,75.6,0
1897,2017,5,4,67.2,0
1898,2018,45,1,18.9,0
1899,2018,34,1,33.6,0
1900,2019,12,2,187.95,0
1901,2019,27,1,51.45,0
1902,2019,4,1,124.95,0
1903,2020,31,1,49,0
1904,2020,4,1,119,0
1905,2020,39,1,46,0
1906,2021,47,1,38,0
1907,2021,19,3,36,0
1908,2022,1,2,40.95,0.25
1909,2023,2,2,93.45,0
1910,2023,38,1,25.2,0
1911,2023,26,2,19.95,0
1912,2024,41,1,289,0
1913,2025,20,1,44.1,0
1914,2026,41,2,303.45,0.25
1915,2026,13,2,61.95,0.25
1916,2027,3,2,47.25,0
1917,2028,19,3,37.8,0
1918,2028,7,4,135.45,0
1919,2029,37,1,75.6,0
1920,2030,5,2,67.2,0
1921,2031,29,4,166.95,0
1922,2032,29,2,166.95,0
1923,2033,36,1,68.25,0
1924,2033,30,1,72.45,0
1925,2034,13,1,61.95,0
1926,2035,33,1,82.95,0
1927,2036,17,1,30.45,0.05
1928,2036,46,1,23.1,0.05
1929,2036,27,3,51.45,0.05
1930,2036,34,1,33.6,0.05
1931,2037,4,2,124.95,0.25
1932,2037,13,1,61.95,0.25
1933,2037,41,1,303.45,0.25
1934,2037,22,2,345.45,0.25
1935,2038,25,1,93.45,0.1
1936,2039,15,1,46.2,0
1937,2040,2,1,93.45,0
1938,2040,32,2,93.45,0
1939,2041,2,4,93.45,0.1
1940,2042,2,2,93.45,0
1941,2042,25,1,93.45,0
1942,2042,47,1,39.9,0
1943,2043,43,1,39,0
1944,2043,29,3,159,0
1945,2043,37,2,72,0
1946,2043,27,2,49,0
1947,2044,1,1,39,0
1948,2044,40,1,29,0
1949,2044,29,1,159,0
1950,2044,7,1,129,0
1951,2045,34,1,32,0
1952,2045,24,4,29,0
1953,2046,3,1,45,0
1954,2046,28,1,35,0
1955,2047,42,1,56.7,0
1956,2048,25,1,93.45,0
1957,2049,11,1,149,0.25
1958,2050,43,3,39,0
1959,2050,5,1,64,0
1960,2050,13,2,59,0
1961,2050,29,1,159,0
1962,2051,21,2,449,0
1963,2052,30,1,72.45,0
1964,2052,10,1,25.2,0
1965,2053,31,1,51.45,0
1966,2053,19,1,37.8,0
1967,2053,32,1,93.45,0
1968,2054,26,1,19.95,0.25
1969,2054,21,1,471.45,0.25
1970,2054,9,1,19.95,0.25
1971,2055,21,1,471.45,0
1972,2056,40,1,29,0.05
1973,2056,8,1,27,0.05
1974,2057,32,2,93.45,0
1975,2058,35,1,199,0.05
1976,2059,44,1,26,0
1977,2059,48,1,28,0
1978,2059,13,1,59,0
1979,2059,31,1,49,0
1980,2060,46,2,23.1,0
1981,2060,43,1,40.95,0
1982,2061,5,1,67.2,0.15
1983,2061,42,1,56.7,0.15
1984,2061,41,1,303.45,0.15
1985,2062,19,1,37.8,0
1986,2062,1,1,40.95,0
1987,2063,34,1,33.6,0
1988,2064,32,3,93.45,0
1989,2064,15,4,46.2,0
1990,2064,21,2,471.45,0
1991,2065,45,2,18.9,0
1992,2066,24,2,29,0
1993,2066,44,1,26,0
1994,2066,9,1,19,0
1995,2067,40,1,30.45,0
1996,2067,15,1,46.2,0
1997,2068,14,2,22,0
1998,2069,45,1,18,0
1999,2070,31,1,49,0
2000,2070,2,2,89,0
2001,2071,27,1,49,0
2002,2071,28,3,35,0
2003,2072,7,1,135.45,0.1
2004,2072,14,3,23.1,0.1
2005,2073,16,2,103.95,0.15
2006,2073,39,1,48.3,0.15
2007,2074,8,1,27,0
2008,2075,6,1,34,0
2009,2076,20,3,44.1,0
2010,2076,3,1,47.25,0
2011,2076,19,1,37.8,0
2012,2076,35,1,208.95,0
2013,2077,30,2,72.45,0
2014,2077,12,1,187.95,0
2015,2077,23,3,198.45,0
2016,2077,36,3,68.25,0
2017,2078,38,2,24,0
2018,2078,10,1,24,0
2019,2079,26,3,19,0
2020,2079,4,1,119,0
2021,2079,40,1,29,0
2022,2080,28,1,35,0
2023,2080,46,1,22,0
2024,2080,29,1,159,0
2025,2081,21,1,471.45,0
2026,2082,12,1,187.95,0
2027,2083,45,4,18.9,0.15
2028,2084,38,1,25.2,0
2029,2084,5,2,67.2,0
2030,2084,25,3,93.45,0
2031,2085,14,1,22,0
2032,2085,4,1,119,0
2033,2086,47,4,39.9,0.1
2034,2086,28,2,36.75,0.1
2035,2086,12,1,187.95,0.1
2036,2087,9,4,19.95,0
2037,2087,2,1,93.45,0
2038,2087,41,1,303.45,0
2039,2088,6,1,35.7,0
2040,2088,34,1,33.6,0
2041,2088,25,1,93.45,0
2042,2089,29,2,159,0
2043,2089,42,2,54,0
2044,2089,17,2,29,0
2045,2090,24,4,30.45,0
2046,2091,26,1,19.95,0
2047,2091,11,1,156.45,0
2048,2091,14,1,23.1,0
2049,2091,1,1,40.95,0
2050,2092,15,1,44,0
2051,2092,32,2,89,0
2052,2092,2,1,89,0
2053,2093,4,1,124.95,0
2054,2093,13,1,61.95,0
2055,2093,6,2,35.7,0
2056,2093,48,1,29.4,0
2057,2094,39,1,48.3,0
2058,2094,12,2,187.95,0
2059,2094,11,1,156.45,0
2060,2095,12,1,187.95,0
2061,2096,8,1,28.35,0.05
2062,2097,15,2,46.2,0
2063,2097,32,1,93.45,0
2064,2097,11,1,156.45,0
2065,2098,38,1,24,0
2066,2098,25,2,89,0
2067,2099,5,1,67.2,0.25
2068,2100,41,2,289,0
2069,2100,2,1,89,0
2070,2100,31,1,49,0
2071,2101,9,1,19.95,0
2072,2101,40,1,30.45,0
2073,2102,22,1,329,0
2074,2102,6,1,34,0
2075,2103,33,3,82.95,0
2076,2103,25,1,93.45,0
2077,2104,15,1,46.2,0
2078,2105,42,2,54,0
2079,2105,3,1,45,0
2080,2106,5,1,67.2,0.05
2081,2107,4,1,119,0
2082,2107,44,1,26,0
2083,2107,9,1,19,0
2084,2107,38,1,24,0
2085,2107,3,1,45,0
2086,2108,5,4,64,0
2087,2108,8,1,27,0
2088,2109,39,1,46,0
2089,2109,14,1,22,0
2090,2110,3,2,47.25,0.05
2091,2111,27,2,51.45,0
2092,2111,44,1,27.3,0
2093,2111,45,1,18.9,0
2094,2112,46,2,22,0
2095,2113,30,1,69,0
2096,2113,28,1,35,0
2097,2113,38,1,24,0
2098,2113,21,1,449,0
2099,2113,47,1,38,0
2100,2114,31,1,51.45,0
2101,2115,23,1,198.45,0
2102,2116,17,1,30.45,0
2103,2116,41,2,303.45,0
2104,2117,11,4,149,0
2105,2117,23,1,189,0
2106,2118,15,1,44,0
2107,2119,27,1,51.45,0
2108,2119,22,1,345.45,0
2109,2120,1,1,40.95,0
2110,2120,7,1,135.45,0
2111,2120,25,1,93.45,0
2112,2121,30,1,72.45,0
2113,2121,34,1,33.6,0
2114,2122,40,1,30.45,0.15
2115,2122,2,2,93.45,0.15
2116,2123,42,1,56.7,0.25
2117,2124,44,1,27.3,0
2118,2124,32,2,93.45,0
2119,2125,28,1,36.75,0
2120,2126,10,1,25.2,0
2121,2126,4,4,124.95,0
2122,2126,34,2,33.6,0
2123,2127,2,1,93.45,0
2124,2128,11,1,156.45,0
2125,2129,25,1,93.45,0
2126,2130,10,1,25.2,0
2127,2130,9,1,19.95,0
2128,2130,25,3,93.45,0
2129,2131,1,1,40.95,0
2130,2131,26,2,19.95,0
2131,2131,32,1,93.45,0
2132,2131,17,1,30.45,0
2133,2132,36,1,68.25,0
2134,2132,14,3,23.1,0
2135,2133,3,1,45,0
2136,2133,39,1,46,0
2137,2133,16,1,99,0
2138,2134,40,3,29,0
2139,2135,35,2,208.95,0.15
2140,2135,45,1,18.9,0.15
2141,2135,11,1,156.45,0.15
2142,2136,7,1,135.45,0
2143,2136,38,1,25.2,0
2144,2137,6,3,34,0
2145,2138,2,1,93.45,0
2146,2139,45,2,18,0
2147,2139,32,1,89,0
2148,2140,17,1,30.45,0
2149,2141,38,1,25.2,0
2150,2142,24,2,30.45,0
2151,2143,42,2,56.7,0
2152,2143,31,1,51.45,0
2153,2143,45,2,18.9,0
2154,2144,3,2,45,0
2155,2145,36,3,68.25,0.15
2156,2145,35,1,208.95,0.15
2157,2146,1,1,40.95,0
2158,2147,3,1,47.25,0
2159,2147,15,1,46.2,0
2160,2148,32,1,93.45,0
2161,2149,33,1,82.95,0
2162,2150,15,2,46.2,0
2163,2150,1,2,40.95,0
2164,2151,3,1,47.25,0.05
2165,2151,41,1,303.45,0.05
2166,2152,31,2,51.45,0
2167,2152,45,1,18.9,0
2168,2152,23,4,198.45,0
2169,2153,47,1,39.9,0
2170,2153,41,1,303.45,0
2171,2154,12,1,179,0
2172,2155,16,4,99,0
2173,2156,28,1,36.75,0
2174,2156,40,4,30.45,0
2175,2156,5,1,67.2,0
2176,2157,32,1,93.45,0
2177,2158,19,1,37.8,0
2178,2159,35,2,208.95,0
2179,2159,7,1,135.45,0
2180,2160,3,3,47.25,0
2181,2160,36,2,68.25,0
2182,2160,39,2,48.3,0
2183,2161,2,1,93.45,0
2184,2161,16,1,103.95,0
2185,2162,40,2,30.45,0
2186,2163,39,1,48.3,0
2187,2164,9,1,19,0
2188,2165,46,2,22,0
2189,2165,41,1,289,0
2190,2165,37,1,72,0
2191,2165,25,1,89,0
2192,2166,17,1,30.45,0
2193,2167,4,2,124.95,0.15
2194,2167,32,1,93.45,0.15
2195,2167,1,1,40.95,0.15
2196,2168,5,1,67.2,0
2197,2168,12,2,187.95,0
2198,2169,18,2,77.7,0
2199,2170,15,1,46.2,0.15
2200,2170,12,1,187.95,0.15
2201,2170,35,1,208.95,0.15
2202,2170,22,3,345.45,0.15
2203,2171,17,2,29,0
2204,2172,16,2,99,0
2205,2172,1,1,39,0
2206,2172,12,2,179,0
2207,2172,7,2,129,0
2208,2173,37,1,72,0
2209,2173,18,4,74,0
2210,2173,15,1,44,0
2211,2174,19,1,36,0
2212,2175,21,2,449,0
2213,2176,14,2,22,0
2214,2177,31,2,49,0
2215,2177,26,2,19,0
2216,2177,8,1,27,0
2217,2177,27,2,49,0
2218,2178,8,4,27,0
2219,2179,20,1,42,0
2220,2179,14,2,22,0
2221,2180,21,1,471.45,0
2222,2181,13,2,59,0
2223,2181,5,1,64,0
2224,2181,11,2,149,0
2225,2181,23,3,189,0
2226,2182,12,1,187.95,0.25
2227,2182,8,1,28.35,0.25
2228,2183,24,1,30.45,0.1
2229,2183,45,2,18.9,0.1
2230,2183,47,2,39.9,0.1
2231,2184,15,1,44,0
2232,2185,4,1,119,0
2233,2185,30,1,69,0
2234,2186,21,1,449,0
2235,2186,15,1,44,0
2236,2186,26,1,19,0
2237,2186,40,1,29,0
2238,2186,38,3,24,0
2239,2187,39,2,46,0
2240,2187,37,3,72,0
2241,2188,19,1,36,0
2242,2188,21,1,449,0
2243,2189,39,1,46,0.25
2244,2190,28,1,36.75,0
2245,2190,38,1,25.2,0
2246,2190,33,1,82.95,0
2247,2190,25,1,93.45,0
2248,2190,39,1,48.3,0
2249,2191,26,1,19.95,0.1
2250,2191,5,1,67.2,0.1
2251,2192,21,1,471.45,0.15
2252,2193,14,3,23.1,0
2253,2194,37,1,75.6,0.25
2254,2195,29,1,166.95,0
2255,2196,41,1,303.45,0
2256,2197,23,2,198.45,0
2257,2198,44,4,26,0
2258,2199,33,1,79,0
2259,2200,45,2,18.9,0.15
2260,2200,10,1,25.2,0.15
2261,2201,12,1,179,0
2262,2201,33,1,79,0
2263,2202,8,1,27,0
2264,2202,45,1,18,0
2265,2202,24,1,29,0
2266,2203,37,1,75.6,0
2267,2203,27,1,51.45,0
2268,2203,41,1,303.45,0
2269,2204,32,1,93.45,0
2270,2204,13,2,61.95,0
2271,2204,38,1,25.2,0
2272,2205,10,1,25.2,0
2273,2206,16,1,99,0
2274,2207,4,1,119,0.25
2275,2208,44,4,26,0
2276,2208,24,1,29,0
2277,2209,32,2,89,0
2278,2210,48,1,28,0
2279,2210,12,1,179,0
2280,2211,1,1,39,0
2281,2212,15,1,46.2,0
2282,2212,18,2,77.7,0
2283,2213,3,1,47.25,0
2284,2213,13,2,61.95,0
2285,2213,45,2,18.9,0
2286,2213,37,1,75.6,0
2287,2213,11,1,156.45,0
2288,2214,19,1,37.8,0
2289,2214,32,1,93.45,0
2290,2215,15,1,46.2,0.25
2291,2215,8,2,28.35,0.25
2292,2215,23,1,198.45,0.25
2293,2216,25,1,93.45,0
2294,2217,48,1,29.4,0
2295,2218,19,4,37.8,0
2296,2218,16,1,103.95,0
2297,2218,28,1,36.75,0
2298,2219,29,1,166.95,0
2299,2220,10,1,25.2,0
2300,2220,1,3,40.95,0
2301,2221,1,3,40.95,0
2302,2221,9,1,19.95,0
2303,2222,18,1,77.7,0
2304,2223,8,1,28.35,0
2305,2223,31,2,51.45,0
2306,2223,48,1,29.4,0
2307,2223,27,1,51.45,0
2308,2223,13,1,61.95,0
2309,2224,7,1,135.45,0
2310,2225,35,1,208.95,0.25
2311,2225,26,1,19.95,0.25
2312,2225,32,2,93.45,0.25
2313,2226,4,2,124.95,0
2314,2226,43,1,40.95,0
2315,2227,7,1,135.45,0
2316,2228,24,2,30.45,0
2317,2229,44,1,27.3,0.25
2318,2229,14,1,23.1,0.25
2319,2229,24,1,30.45,0.25
2320,2229,19,1,37.8,0.25
2321,2229,3,4,47.25,0.25
2322,2230,41,2,289,0
2323,2230,47,1,38,0
2324,2231,27,2,51.45,0
2325,2232,17,1,29,0
2326,2233,31,2,51.45,0.05
2327,2233,40,1,30.45,0.05
2328,2234,41,1,303.45,0
2329,2234,25,1,93.45,0
2330,2234,16,1,103.95,0
2331,2235,27,1,49,0
2332,2236,23,1,198.45,0
2333,2237,35,3,208.95,0
2334,2237,18,2,77.7,0
2335,2237,22,1,345.45,0
2336,2238,34,2,33.6,0
2337,2238,8,3,28.35,0
2338,2239,33,1,79,0
2339,2239,8,1,27,0
2340,2240,3,1,47.25,0
2341,2240,1,1,40.95,0
2342,2241,27,1,51.45,0
2343,2242,7,3,135.45,0
2344,2242,47,1,39.9,0
2345,2243,24,3,30.45,0
2346,2244,15,1,46.2,0
2347,2245,44,2,26,0
2348,2245,34,1,32,0
2349,2245,6,1,34,0
2350,2245,35,1,199,0
2351,2245,28,3,35,0
2352,2246,33,1,79,0
2353,2247,29,2,159,0
2354,2247,43,1,39,0
2355,2247,4,1,119,0
2356,2247,11,2,149,0
2357,2248,25,1,89,0
2358,2248,30,2,69,0
2359,2249,21,4,471.45,0
2360,2250,22,1,329,0
2361,2250,46,1,22,0
2362,2250,27,2,49,0
2363,2251,5,4,64,0
2364,2251,25,1,89,0
2365,2251,35,4,199,0
2366,2251,40,1,29,0
2367,2252,31,1,49,0
2368,2252,10,1,24,0
2369,2253,44,3,26,0
2370,2253,14,1,22,0
2371,2254,45,1,18,0
2372,2254,29,2,159,0
2373,2254,20,1,42,0
2374,2255,44,1,26,0
2375,2256,14,1,22,0.25
2376,2256,43,1,39,0.25
2377,2256,11,1,149,0.25
2378,2257,12,1,187.95,0.25
2379,2257,33,1,82.95,0.25
2380,2258,43,2,40.95,0
2381,2258,30,1,72.45,0
2382,2259,39,3,46,0
2383,2260,24,1,29,0
2384,2261,37,1,75.6,0
2385,2262,38,1,25.2,0
2386,2262,45,1,18.9,0
2387,2262,5,3,67.2,0
2388,2262,4,1,124.95,0
2389,2262,21,1,471.45,0
2390,2263,15,1,46.2,0
2391,2263,44,1,27.3,0
2392,2264,18,4,77.7,0
2393,2264,7,2,135.45,0
2394,2264,32,1,93.45,0
2395,2265,19,1,37.8,0
2396,2266,15,1,46.2,0
2397,2266,9,1,19.95,0
2398,2266,4,1,124.95,0
2399,2267,9,3,19.95,0
2400,2268,45,1,18,0
2401,2269,35,4,208.95,0
2402,2270,33,1,79,0
2403,2271,23,1,189,0
2404,2271,40,1,29,0
2405,2272,46,1,22,0
2406,2273,42,1,56.7,0
2407,2274,11,2,156.45,0.1
2408,2274,8,1,28.35,0.1
2409,2274,7,1,135.45,0.1
2410,2275,5,1,67.2,0.15
2411,2275,38,1,25.2,0.15
2412,2276,42,2,56.7,0
2413,2276,19,1,37.8,0
2414,2277,47,1,39.9,0
2415,2277,36,1,68.25,0
2416,2277,40,2,30.45,0
2417,2277,29,1,166.95,0
2418,2277,33,4,82.95,0
2419,2278,43,2,40.95,0
2420,2278,8,1,28.35,0
2421,2279,30,2,69,0
2422,2280,11,1,149,0
2423,2280,46,1,22,0
2424,2281,16,1,99,0
2425,2281,12,1,179,0
2426,2281,26,1,19,0
2427,2281,3,4,45,0
2428,2282,34,2,33.6,0
2429,2282,10,3,25.2,0
2430,2282,36,1,68.25,0
2431,2283,10,1,24,0
2432,2283,25,1,89,0
2433,2283,39,1,46,0
2434,2283,33,1,79,0
2435,2283,6,2,34,0
2436,2284,21,1,449,0
2437,2284,28,1,35,0
2438,2285,13,1,61.95,0
2439,2285,2,1,93.45,0
2440,2286,27,1,49,0
2441,2286,14,2,22,0
2442,2286,36,1,65,0
2443,2286,47,4,38,0
2444,2287,48,1,29.4,0
2445,2287,43,1,40.95,0
2446,2288,38,2,24,0.15
2447,2288,43,1,39,0.15
2448,2289,28,1,35,0
2449,2289,36,1,65,0
2450,2289,4,2,119,0
2451,2290,35,1,208.95,0.25
2452,2290,21,1,471.45,0.25
2453,2290,7,1,135.45,0.25
2454,2290,47,1,39.9,0.25
2455,2291,30,2,72.45,0
2456,2291,25,1,93.45,0
2457,2292,23,1,198.45,0
2458,2293,18,1,77.7,0
2459,2293,31,1,51.45,0
2460,2293,4,1,124.95,0
2461,2293,26,1,19.95,0
2462,2294,38,1,25.2,0
2463,2294,4,1,124.95,0
2464,2294,28,1,36.75,0
2465,2294,23,1,198.45,0
2466,2294,16,1,103.95,0
2467,2295,25,1,93.45,0
2468,2295,42,1,56.7,0
2469,2295,8,2,28.35,0
2470,2295,27,1,51.45,0
2471,2296,44,1,26,0
2472,2296,33,1,79,0
2473,2297,7,1,135.45,0.25
2474,2298,20,1,44.1,0
2475,2298,11,2,156.45,0
2476,2298,41,1,303.45,0
2477,2299,1,1,39,0.05
2478,2299,10,1,24,0.05
2479,2300,3,2,45,0
2480,2301,29,1,159,0
2481,2301,48,2,28,0
2482,2302,4,1,124.95,0
2483,2303,43,1,40.95,0
2484,2304,37,1,75.6,0
2485,2304,48,3,29.4,0
2486,2304,30,1,72.45,0
2487,2305,11,1,156.45,0.15
2488,2306,28,1,36.75,0
2489,2307,24,2,30.45,0.25
2490,2307,5,3,67.2,0.25
2491,2307,43,1,40.95,0.25
2492,2308,31,1,51.45,0
2493,2308,34,1,33.6,0
2494,2309,4,1,124.95,0
2495,2309,38,1,25.2,0
2496,2310,45,1,18.9,0
2497,2311,45,2,18.9,0
2498,2312,11,1,149,0
2499,2312,8,1,27,0
2500,2312,12,1,179,0
2501,2312,3,2,45,0
2502,2313,37,1,75.6,0
2503,2313,20,1,44.1,0
2504,2314,36,1,68.25,0
2505,2315,9,1,19,0
2506,2315,4,1,119,0
2507,2315,31,1,49,0
2508,2316,4,1,119,0.25
2509,2317,8,1,28.35,0
2510,2318,43,4,40.95,0
2511,2318,42,2,56.7,0
2512,2319,41,3,303.45,0
2513,2319,37,1,75.6,0
2514,2320,13,1,61.95,0
2515,2320,43,3,40.95,0
2516,2321,24,2,30.45,0
2517,2322,20,1,42,0
2518,2323,8,2,28.35,0
2519,2324,34,1,33.6,0
2520,2325,48,1,28,0
2521,2325,21,1,449,0
2522,2326,45,3,18.9,0
2523,2326,13,1,61.95,0
2524,2327,44,2,27.3,0
2525,2328,4,1,124.95,0
2526,2328,16,2,103.95,0
2527,2329,19,1,36,0
2528,2329,25,3,89,0
2529,2330,47,3,39.9,0
2530,2331,29,1,159,0
2531,2332,30,1,72.45,0
2532,2332,21,2,471.45,0
2533,2332,9,2,19.95,0
2534,2333,7,1,135.45,0
2535,2333,37,1,75.6,0
2536,2333,29,1,166.95,0
2537,2334,31,1,51.45,0
2538,2334,10,1,25.2,0
2539,2335,44,1,27.3,0
2540,2335,13,1,61.95,0
2541,2335,39,1,48.3,0
2542,2335,3,1,47.25,0
2543,2336,1,1,40.95,0.15
2544,2336,33,1,82.95,0.15
2545,2336,21,1,471.45,0.15
2546,2336,27,1,51.45,0.15
2547,2337,47,2,39.9,0.1
2548,2337,20,1,44.1,0.1
2549,2337,45,3,18.9,0.1
2550,2337,26,2,19.95,0.1
2551,2338,19,1,37.8,0
2552,2338,41,1,303.45,0
2553,2339,31,3,51.45,0
2554,2339,41,1,303.45,0
2555,2339,9,1,19.95,0
2556,2340,8,2,28.35,0
2557,2341,3,1,47.25,0
2558,2342,36,2,68.25,0
2559,2343,31,1,51.45,0
2560,2343,35,1,208.95,0
2561,2344,39,1,48.3,0
2562,2344,32,1,93.45,0
2563,2345,12,1,187.95,0
2564,2345,6,1,35.7,0
2565,2345,35,2,208.95,0
2566,2345,42,1,56.7,0
2567,2346,9,1,19.95,0
2568,2346,24,1,30.45,0
2569,2347,30,2,72.45,0
2570,2347,8,2,28.35,0
2571,2348,27,1,51.45,0
2572,2349,45,3,18.9,0
2573,2350,21,1,449,0
2574,2351,25,2,89,0
2575,2351,29,3,159,0
2576,2352,10,1,24,0
2577,2352,7,4,129,0
2578,2352,14,2,22,0
2579,2353,29,1,159,0.15
2580,2354,18,1,77.7,0
2581,2355,36,1,68.25,0.25
2582,2356,3,1,45,0
2583,2356,15,2,44,0
2584,2356,35,3,199,0
2585,2357,17,1,30.45,0
2586,2358,38,1,24,0
2587,2358,4,2,119,0
2588,2358,16,1,99,0
2589,2358,24,1,29,0
2590,2359,25,1,93.45,0
2591,2360,43,1,39,0
2592,2361,40,4,29,0
2593,2361,19,1,36,0
2594,2362,22,1,329,0
2595,2363,45,1,18,0.25
2596,2363,4,2,119,0.25
2597,2364,19,2,36,0
2598,2364,7,1,129,0
2599,2365,38,1,24,0
2600,2365,11,1,149,0
2601,2366,20,1,44.1,0
2602,2366,29,1,166.95,0
2603,2367,43,1,40.95,0
2604,2368,33,1,82.95,0
2605,2368,46,2,23.1,0
2606,2368,9,1,19.95,0
2607,2369,10,1,25.2,0
2608,2369,11,1,156.45,0
2609,2370,6,2,35.7,0.1
2610,2371,20,2,44.1,0
2611,2371,17,1,30.45,0
2612,2372,31,2,49,0
2613,2372,35,1,199,0
2614,2373,2,1,89,0
2615,2373,24,2,29,0
2616,2374,19,1,36,0.15
2617,2374,39,2,46,0.15
2618,2375,47,1,38,0
2619,2375,1,2,39,0
2620,2375,22,1,329,0
2621,2376,35,1,199,0
2622,2377,23,2,189,0
2623,2377,8,1,27,0
2624,2378,4,1,124.95,0.05
2625,2379,13,1,61.95,0
2626,2379,14,1,23.1,0
2627,2380,47,1,39.9,0
2628,2380,4,1,124.95,0
2629,2380,39,1,48.3,0
2630,2381,41,1,303.45,0
2631,2381,21,1,471.45,0
2632,2382,1,1,40.95,0
2633,2383,24,2,30.45,0
2634,2383,21,4,471.45,0
2635,2383,42,3,56.7,0
2636,2384,5,3,67.2,0
2637,2384,26,2,19.95,0
2638,2385,6,1,34,0
2639,2386,14,1,22,0.25
2640,2386,6,1,34,0.25
2641,2387,41,2,303.45,0.25
2642,2387,6,1,35.7,0.25
2643,2388,44,1,27.3,0
2644,2389,10,1,25.2,0
2645,2390,37,1,72,0
2646,2390,29,1,159,0
2647,2390,36,1,65,0
2648,2391,40,1,29,0
2649,2392,22,1,345.45,0
2650,2393,44,1,27.3,0
2651,2393,3,2,47.25,0
2652,2394,30,2,72.45,0
2653,2395,4,2,119,0
2654,2396,35,1,208.95,0
2655,2396,31,1,51.45,0
2656,2396,15,1,46.2,0
2657,2397,11,1,156.45,0
2658,2398,36,4,68.25,0
2659,2398,24,1,30.45,0
2660,2398,13,2,61.95,0
2661,2398,38,2,25.2,0
2662,2399,12,3,179,0.05
2663,2399,22,2,329,0.05
2664,2399,2,1,89,0.05
2665,2400,29,1,159,0
2666,2401,22,1,329,0
2667,2401,36,1,65,0
2668,2402,26,1,19,0
2669,2402,17,1,29,0
2670,2403,38,1,25.2,0
2671,2403,45,2,18.9,0
2672,2404,8,2,27,0
2673,2404,22,1,329,0
2674,2405,28,2,35,0
2675,2406,18,2,77.7,0
2676,2407,16,1,99,0.15
2677,2407,8,4,27,0.15
2678,2407,22,1,329,0.15
2679,2408,34,1,33.6,0
2680,2408,7,2,135.45,0
2681,2409,9,3,19,0
2682,2410,7,1,135.45,0
2683,2411,47,3,38,0
2684,2412,46,1,23.1,0
2685,2412,11,1,156.45,0
2686,2412,20,1,44.1,0
2687,2412,48,1,29.4,0
2688,2413,48,1,28,0
2689,2413,20,1,42,0
2690,2413,24,1,29,0
2691,2414,17,1,30.45,0.05
2692,2415,5,3,67.2,0
2693,2415,3,2,47.25,0
2694,2416,30,1,72.45,0
2695,2416,7,1,135.45,0
2696,2417,16,3,103.95,0
2697,2418,45,3,18,0
2698,2419,5,1,64,0
2699,2419,36,1,65,0
2700,2420,42,3,54,0
2701,2420,38,1,24,0
2702,2420,17,1,29,0
2703,2420,23,2,189,0
2704,2421,4,1,119,0
2705,2421,5,1,64,0
2706,2421,32,2,89,0
2707,2421,44,2,26,0
2708,2422,40,1,29,0
2709,2423,5,1,67.2,0
2710,2423,40,1,30.45,0
2711,2423,24,2,30.45,0
2712,2424,40,1,30.45,0
2713,2424,14,3,23.1,0
2714,2424,11,1,156.45,0
2715,2424,1,3,40.95,0
2716,2424,45,1,18.9,0
2717,2425,15,1,44,0
2718,2425,40,1,29,0
2719,2425,47,1,38,0
2720,2425,11,1,149,0
2721,2426,24,1,30.45,0
2722,2426,28,1,36.75,0
2723,2426,19,1,37.8,0
2724,2427,39,1,48.3,0.25
2725,2428,46,1,22,0.1
2726,2428,9,1,19,0.1
2727,2429,22,2,329,0
2728,2430,15,1,44,0
2729,2431,28,2,35,0
2730,2432,3,2,45,0
2731,2432,38,1,24,0
2732,2433,1,1,40.95,0
2733,2434,48,2,28,0
2734,2434,37,1,72,0
2735,2435,11,1,149,0
2736,2436,34,1,32,0.25
2737,2437,21,1,471.45,0
2738,2437,27,1,51.45,0
2739,2437,2,3,93.45,0
2740,2437,35,1,208.95,0
2741,2437,16,2,103.95,0
2742,2438,1,3,39,0
2743,2439,12,1,179,0
2744,2439,14,2,22,0
2745,2440,9,1,19,0
2746,2440,17,1,29,0
2747,2440,37,1,72,0
2748,2441,21,1,449,0
2749,2442,34,1,32,0.1
2750,2442,45,1,18,0.1
2751,2443,12,1,179,0.25
2752,2443,18,1,74,0.25
2753,2443,24,1,29,0.25
2754,2444,9,1,19,0
2755,2444,42,1,54,0
2756,2444,37,1,72,0
2757,2445,6,1,34,0
2758,2445,16,1,99,0
2759,2446,36,1,68.25,0
2760,2446,5,1,67.2,0
2761,2446,38,1,25.2,0
2762,2447,3,1,47.25,0
2763,2448,11,1,156.45,0
2764,2449,10,1,24,0
2765,2450,14,1,22,0
2766,2450,30,1,69,0
2767,2450,34,3,32,0
2768,2450,20,1,42,0
2769,2451,35,3,199,0
2770,2452,27,2,49,0
2771,2452,14,1,22,0
2772,2453,4,1,119,0
2773,2453,13,1,59,0
2774,2453,21,2,449,0
2775,2454,8,1,27,0
2776,2455,39,3,46,0
2777,2455,1,1,39,0
2778,2456,18,3,74,0
2779,2456,7,1,129,0
2780,2457,47,1,38,0.25
2781,2457,27,2,49,0.25
2782,2457,12,1,179,0.25
2783,2457,8,1,27,0.25
2784,2457,32,1,89,0.25
2785,2458,11,1,156.45,0.25
2786,2458,13,2,61.95,0.25
2787,2459,11,1,156.45,0.25
2788,2460,43,1,40.95,0.15
2789,2460,17,1,30.45,0.15
2790,2460,28,1,36.75,0.15
2791,2461,32,2,93.45,0
2792,2462,44,1,27.3,0
2793,2462,16,1,103.95,0
2794,2462,30,1,72.45,0
2795,2462,29,3,166.95,0
2796,2463,10,1,25.2,0
2797,2464,24,1,29,0
2798,2464,16,1,99,0
2799,2464,48,1,28,0
2800,2464,12,4,179,0
2801,2464,36,2,65,0
2802,2465,42,1,54,0
2803,2466,24,1,30.45,0
2804,2467,25,4,93.45,0
2805,2467,31,2,51.45,0
2806,2467,32,2,93.45,0
2807,2468,40,1,30.45,0
2808,2468,38,3,25.2,0
2809,2468,41,2,303.45,0
2810,2468,43,3,40.95,0
2811,2469,14,1,23.1,0.15
2812,2469,9,2,19.95,0.15
2813,2470,31,1,51.45,0.25
2814,2470,8,1,28.35,0.25
2815,2471,10,1,25.2,0
2816,2471,38,3,25.2,0
2817,2471,43,1,40.95,0
2818,2471,29,1,166.95,0
2819,2472,11,1,156.45,0
2820,2472,25,1,93.45,0
2821,2472,19,1,37.8,0
2822,2472,48,1,29.4,0
2823,2473,39,1,48.3,0
2824,2474,5,1,64,0
2825,2475,7,1,135.45,0
2826,2475,20,1,44.1,0
2827,2475,37,1,75.6,0
2828,2476,13,1,61.95,0
2829,2477,4,1,124.95,0
2830,2477,25,1,93.45,0
2831,2478,24,1,29,0
2832,2479,1,1,40.95,0
2833,2480,31,1,51.45,0
2834,2481,39,1,48.3,0
2835,2481,4,2,124.95,0
2836,2481,47,1,39.9,0
2837,2481,5,1,67.2,0
2838,2482,47,1,39.9,0
2839,2482,42,1,56.7,0
2840,2483,28,1,36.75,0
2841,2483,3,1,47.25,0
2842,2483,44,1,27.3,0
2843,2484,25,1,93.45,0
2844,2484,9,1,19.95,0
2845,2484,44,1,27.3,0
2846,2485,9,1,19.95,0
2847,2486,40,1,30.45,0
2848,2487,39,1,48.3,0
2849,2487,5,1,67.2,0
2850,2488,48,1,28,0
2851,2488,11,1,149,0
2852,2489,15,2,46.2,0
2853,2490,25,1,89,0
2854,2490,2,1,89,0
2855,2491,43,1,39,0.25
2856,2491,37,1,72,0.25
2857,2491,9,1,19,0.25
2858,2491,12,1,179,0.25
2859,2492,48,2,29.4,0
2860,2493,39,2,46,0
2861,2493,1,1,39,0
2862,2493,19,1,36,0
2863,2493,8,1,27,0
2864,2493,30,1,69,0
2865,2494,20,2,42,0
2866,2495,9,1,19.95,0
2867,2495,36,1,68.25,0
2868,2495,37,1,75.6,0
2869,2495,5,1,67.2,0
2870,2496,9,1,19,0
2871,2496,4,1,119,0
2872,2497,33,1,82.95,0.25
2873,2498,31,1,49,0
2874,2498,10,1,24,0
2875,2498,32,1,89,0
2876,2499,1,1,40.95,0.25
2877,2499,48,1,29.4,0.25
2878,2499,40,2,30.45,0.25
2879,2500,28,1,36.75,0
2880,2500,43,1,40.95,0
2881,2501,37,1,72,0
2882,2501,45,1,18,0
2883,2502,12,1,187.95,0
2884,2502,24,2,30.45,0
2885,2503,24,2,29,0.1
2886,2503,34,1,32,0.1
2887,2503,8,1,27,0.1
2888,2504,42,1,54,0
2889,2504,5,1,64,0
2890,2505,2,1,89,0
2891,2506,47,1,39.9,0
2892,2506,6,2,35.7,0
2893,2506,41,1,303.45,0
2894,2507,13,1,61.95,0
2895,2507,7,2,135.45,0
2896,2507,45,2,18.9,0
2897,2508,44,3,26,0
2898,2508,20,3,42,0
2899,2509,11,1,149,0
2900,2509,40,1,29,0
2901,2509,19,1,36,0
2902,2509,34,1,32,0
2903,2510,42,1,54,0
2904,2510,39,1,46,0
2905,2510,33,2,79,0
2906,2511,29,1,159,0
2907,2512,12,1,179,0
2908,2512,37,1,72,0
2909,2513,21,1,471.45,0
2910,2513,39,1,48.3,0
2911,2514,42,1,54,0
2912,2515,30,1,69,0
2913,2516,6,1,34,0
2914,2516,34,1,32,0
2915,2517,27,1,49,0.15
2916,2518,6,1,34,0
2917,2519,8,2,27,0.15
2918,2520,26,2,19.95,0.25
2919,2520,8,1,28.35,0.25
2920,2520,20,1,44.1,0.25
2921,2521,5,1,64,0
2922,2521,36,1,65,0
2923,2521,26,1,19,0
2924,2522,46,1,23.1,0
2925,2522,8,1,28.35,0
2926,2522,4,1,124.95,0
2927,2523,39,4,48.3,0.15
2928,2523,34,1,33.6,0.15
2929,2523,9,2,19.95,0.15
2930,2524,47,1,39.9,0
2931,2524,9,3,19.95,0
2932,2525,37,1,75.6,0
2933,2525,1,2,40.95,0
2934,2526,39,1,48.3,0
2935,2527,30,1,72.45,0
2936,2528,44,1,27.3,0
2937,2529,18,1,77.7,0.25
2938,2530,43,1,39,0
2939,2530,27,1,49,0
2940,2530,20,2,42,0
2941,2531,31,1,51.45,0.25
2942,2532,26,1,19.95,0
2943,2533,46,3,23.1,0
2944,2534,19,1,36,0
2945,2534,47,1,38,0
2946,2534,2,2,89,0
2947,2535,39,1,48.3,0
2948,2535,42,1,56.7,0
2949,2536,41,1,303.45,0
2950,2536,8,2,28.35,0
2951,2536,33,1,82.95,0
2952,2537,10,1,25.2,0.25
2953,2537,28,1,36.75,0.25
2954,2538,47,1,39.9,0
2955,2538,17,1,30.45,0
2956,2538,36,3,68.25,0
2957,2539,19,1,37.8,0.25
2958,2539,9,4,19.95,0.25
2959,2540,44,1,27.3,0
2960,2540,45,1,18.9,0
2961,2540,24,2,30.45,0
2962,2540,10,1,25.2,0
2963,2541,40,1,29,0
2964,2542,35,1,199,0
2965,2542,3,2,45,0
2966,2542,40,1,29,0
2967,2543,18,1,74,0.25
2968,2543,4,2,119,0.25
2969,2543,42,1,54,0.25
2970,2544,48,2,28,0
2971,2544,40,2,29,0
2972,2545,5,1,64,0
2973,2546,12,1,187.95,0
2974,2547,30,1,69,0
2975,2548,45,1,18,0
2976,2548,23,1,189,0
2977,2549,26,1,19.95,0
2978,2549,13,1,61.95,0
2979,2550,41,1,289,0
2980,2550,7,1,129,0
2981,2551,31,1,49,0
2982,2551,15,2,44,0
2983,2552,7,1,129,0
2984,2552,4,1,119,0
2985,2553,38,1,25.2,0
2986,2554,33,1,82.95,0.15
2987,2555,6,2,35.7,0
2988,2555,24,1,30.45,0
2989,2556,18,1,77.7,0
2990,2557,31,1,51.45,0
2991,2557,22,1,345.45,0
2992,2557,11,1,156.45,0
2993,2558,30,2,72.45,0
2994,2558,33,2,82.95,0
2995,2558,14,1,23.1,0
2996,2558,9,1,19.95,0
2997,2559,41,3,303.45,0
2998,2559,1,1,40.95,0
2999,2560,26,1,19.95,0
3000,2561,28,2,36.75,0.25
3001,2562,17,1,29,0
3002,2562,27,1,49,0
3003,2563,42,1,54,0.05
3004,2564,4,3,119,0
3005,2565,30,3,69,0
3006,2565,44,1,26,0
3007,2566,26,1,19,0.1
3008,2567,2,1,93.45,0
3009,2568,17,1,30.45,0
3010,2568,41,1,303.45,0
3011,2569,38,1,25.2,0
3012,2569,24,1,30.45,0
3013,2570,32,1,93.45,0
3014,2571,2,1,93.45,0
3015,2572,46,1,23.1,0
3016,2573,18,1,77.7,0
3017,2574,36,1,65,0
3018,2575,9,2,19,0
3019,2576,4,1,119,0
3020,2577,16,1,103.95,0
3021,2577,46,1,23.1,0
3022,2578,37,1,72,0
3023,2579,10,1,25.2,0
3024,2580,48,1,29.4,0
3025,2581,15,1,46.2,0
3026,2582,23,1,198.45,0
3027,2582,48,1,29.4,0
3028,2582,13,2,61.95,0
3029,2582,40,1,30.45,0
3030,2583,29,1,166.95,0
3031,2583,28,1,36.75,0
3032,2584,14,1,23.1,0
3033,2585,13,1,61.95,0
3034,2586,12,2,187.95,0
3035,2586,1,2,40.95,0
3036,2586,27,2,51.45,0
3037,2587,25,1,93.45,0
3038,2587,6,2,35.7,0
3039,2588,41,3,303.45,0
3040,2589,8,2,28.35,0
3041,2589,41,1,303.45,0
3042,2590,26,1,19.95,0
3043,2591,16,1,103.95,0
3044,2591,37,1,75.6,0
3045,2592,10,1,25.2,0
3046,2592,4,2,124.95,0
3047,2593,39,1,48.3,0.25
3048,2593,4,1,124.95,0.25
3049,2593,48,1,29.4,0.25
3050,2594,35,1,208.95,0
3051,2595,22,3,345.45,0
3052,2595,24,1,30.45,0
3053,2596,2,1,93.45,0
3054,2596,9,1,19.95,0
3055,2596,12,1,187.95,0
3056,2597,21,1,471.45,0
3057,2597,39,1,48.3,0
3058,2597,26,2,19.95,0
3059,2598,20,3,44.1,0
3060,2598,38,1,25.2,0
3061,2598,16,1,103.95,0
3062,2599,9,2,19.95,0
3063,2599,24,1,30.45,0
3064,2599,43,1,40.95,0
3065,2600,28,1,36.75,0.25
3066,2600,37,1,75.6,0.25
3067,2600,14,2,23.1,0.25
3068,2601,7,1,135.45,0
3069,2602,6,1,34,0.15
3070,2603,18,1,77.7,0
3071,2603,24,1,30.45,0
3072,2604,42,1,54,0
3073,2604,25,1,89,0
3074,2604,8,2,27,0
3075,2604,15,2,44,0
3076,2605,38,1,24,0
3077,2605,12,2,179,0
3078,2605,10,2,24,0
3079,2606,20,1,42,0
3080,2606,44,1,26,0
3081,2606,39,1,46,0
3082,2607,20,1,42,0
3083,2607,40,2,29,0
3084,2608,12,3,179,0
3085,2609,21,1,449,0
3086,2609,16,2,99,0
3087,2609,29,2,159,0
3088,2609,43,1,39,0
3089,2610,39,1,46,0
3090,2611,30,1,69,0
3091,2611,38,2,24,0
3092,2611,31,1,49,0
3093,2612,5,2,64,0
3094,2613,8,2,27,0
3095,2613,17,1,29,0
3096,2614,34,1,32,0.25
3097,2615,15,1,46.2,0
3098,2615,17,2,30.45,0
3099,2616,21,2,471.45,0.1
3100,2617,44,1,26,0
3101,2617,34,1,32,0
3102,2618,19,1,37.8,0
3103,2618,20,3,44.1,0
3104,2618,23,1,198.45,0
3105,2618,26,1,19.95,0
3106,2619,41,1,303.45,0
3107,2620,30,3,72.45,0
3108,2620,28,1,36.75,0
3109,2620,37,3,75.6,0
3110,2621,23,2,189,0
3111,2622,38,1,25.2,0
3112,2622,7,2,135.45,0
3113,2622,8,1,28.35,0
3114,2623,5,1,64,0.25
3115,2623,45,1,18,0.25
3116,2623,44,2,26,0.25
3117,2623,11,1,149,0.25
3118,2624,28,1,35,0
3119,2625,36,1,68.25,0
3120,2625,18,1,77.7,0
3121,2626,14,1,23.1,0
3122,2627,42,1,56.7,0
3123,2628,14,1,23.1,0
3124,2628,21,1,471.45,0
3125,2629,6,1,35.7,0
3126,2629,21,1,471.45,0
3127,2630,44,2,27.3,0
3128,2630,8,1,28.35,0
3129,2631,17,2,30.45,0.25
3130,2631,28,2,36.75,0.25
3131,2632,43,1,39,0
3132,2633,10,1,24,0
3133,2634,44,1,27.3,0
3134,2634,16,2,103.95,0
3135,2635,35,1,208.95,0
3136,2635,4,1,124.95,0
3137,2635,9,1,19.95,0
3138,2635,39,1,48.3,0
3139,2636,28,1,36.75,0
3140,2636,2,1,93.45,0
3141,2636,13,1,61.95,0
3142,2637,8,1,28.35,0
3143,2637,14,1,23.1,0
3144,2638,17,2,30.45,0
3145,2638,29,1,166.95,0
3146,2638,5,1,67.2,0
3147,2638,23,1,198.45,0
3148,2639,42,1,54,0
3149,2640,10,1,25.2,0
3150,2641,23,2,198.45,0
3151,2642,28,1,35,0
3152,2643,15,1,44,0
3153,2643,47,2,38,0
3154,2644,38,1,24,0
3155,2645,4,1,119,0
3156,2645,21,1,449,0
3157,2646,24,1,29,0.05
3158,2647,19,1,37.8,0
3159,2648,40,1,30.45,0
3160,2648,15,1,46.2,0
3161,2649,29,1,166.95,0.25
3162,2649,35,4,208.95,0.25
3163,2650,10,1,24,0
3164,2651,14,1,22,0
3165,2651,12,1,179,0
3166,2651,2,1,89,0
3167,2651,40,1,29,0
3168,2652,27,1,49,0
3169,2652,1,1,39,0
3170,2653,28,1,36.75,0
3171,2653,23,1,198.45,0
3172,2653,6,3,35.7,0
3173,2653,2,1,93.45,0
3174,2654,6,1,35.7,0
3175,2654,26,1,19.95,0
3176,2654,7,1,135.45,0
3177,2655,43,1,40.95,0
3178,2656,12,2,187.95,0.05
3179,2657,35,2,199,0
3180,2658,12,1,187.95,0
3181,2659,42,2,56.7,0
3182,2659,24,1,30.45,0
3183,2659,2,1,93.45,0
3184,2659,20,1,44.1,0
3185,2660,43,1,40.95,0
3186,2660,47,1,39.9,0
3187,2661,41,1,303.45,0
3188,2661,43,1,40.95,0
3189,2661,42,1,56.7,0
3190,2661,45,1,18.9,0
3191,2662,28,1,36.75,0
3192,2662,44,1,27.3,0
3193,2662,12,2,187.95,0
3194,2663,29,1,166.95,0
3195,2663,16,3,103.95,0
3196,2664,3,1,47.25,0
3197,2664,21,1,471.45,0
3198,2665,42,1,56.7,0
3199,2666,22,1,345.45,0
3200,2666,3,2,47.25,0
3201,2666,45,1,18.9,0
3202,2667,47,2,39.9,0
3203,2667,27,1,51.45,0
3204,2668,17,2,29,0
3205,2668,34,4,32,0
3206,2668,11,1,149,0
3207,2669,48,1,28,0
3208,2669,43,1,39,0
3209,2670,46,1,22,0
3210,2671,38,2,24,0
3211,2671,5,1,64,0
3212,2672,22,1,345.45,0
3213,2672,40,1,30.45,0
3214,2672,24,1,30.45,0
3215,2672,38,1,25.2,0
3216,2673,1,1,40.95,0
3217,2673,13,1,61.95,0
3218,2673,4,1,124.95,0
3219,2673,40,1,30.45,0
3220,2674,10,1,25.2,0
3221,2674,4,2,124.95,0
3222,2675,27,1,51.45,0.15
3223,2676,2,4,93.45,0
3224,2677,34,1,33.6,0
3225,2678,18,1,77.7,0
3226,2679,24,1,30.45,0
3227,2679,34,2,33.6,0
3228,2679,12,1,187.95,0
3229,2680,30,1,72.45,0
3230,2680,2,3,93.45,0
3231,2681,29,3,166.95,0.15
3232,2681,36,1,68.25,0.15
3233,2682,21,1,471.45,0
3234,2682,43,2,40.95,0
3235,2683,23,2,198.45,0
3236,2683,5,1,67.2,0
3237,2683,31,1,51.45,0
3238,2684,20,1,44.1,0
3239,2684,46,1,23.1,0
3240,2685,18,1,77.7,0
3241,2685,46,1,23.1,0
3242,2685,39,2,48.3,0
3243,2685,2,2,93.45,0
3244,2686,9,1,19.95,0
3245,2686,18,1,77.7,0
3246,2687,35,1,199,0
3247,2688,38,3,24,0
3248,2689,30,1,69,0.1
3249,2689,12,1,179,0.1
3250,2690,33,1,79,0
3251,2691,48,2,28,0
3252,2692,27,2,49,0
3253,2693,46,4,23.1,0
3254,2694,32,1,89,0
3255,2695,30,2,69,0
3256,2696,30,1,72.45,0.05
3257,2697,1,1,40.95,0
3258,2697,21,1,471.45,0
3259,2697,14,1,23.1,0
3260,2697,4,1,124.95,0
3261,2697,24,1,30.45,0
3262,2698,35,1,208.95,0
3263,2698,36,2,68.25,0
3264,2698,27,3,51.45,0
3265,2699,29,2,166.95,0
3266,2700,28,1,36.75,0.15
3267,2701,36,1,68.25,0.05
3268,2702,46,2,23.1,0
3269,2702,35,1,208.95,0
3270,2702,38,1,25.2,0
3271,2702,22,2,345.45,0
3272,2703,19,1,37.8,0
3273,2703,21,2,471.45,0
3274,2703,4,4,124.95,0
3275,2704,14,1,23.1,0
3276,2704,12,1,187.95,0
3277,2704,43,1,40.95,0
3278,2705,10,2,25.2,0
3279,2705,42,1,56.7,0
3280,2706,2,1,89,0
3281,2707,2,1,93.45,0.1
3282,2707,46,1,23.1,0.1
3283,2707,11,1,156.45,0.1
3284,2708,10,1,25.2,0
3285,2708,44,1,27.3,0
3286,2708,35,2,208.95,0
3287,2708,45,1,18.9,0
3288,2708,39,1,48.3,0
3289,2709,16,1,99,0
3290,2709,14,1,22,0
3291,2709,45,1,18,0
3292,2710,13,1,61.95,0
3293,2711,7,2,135.45,0
3294,2712,23,1,189,0
3295,2713,25,1,93.45,0
3296,2714,18,2,77.7,0
3297,2714,21,1,471.45,0
3298,2715,45,1,18,0
3299,2716,19,1,37.8,0
3300,2716,5,1,67.2,0
3301,2717,39,1,46,0
3302,2717,19,1,36,0
3303,2718,6,2,34,0.25
3304,2718,2,1,89,0.25
3305,2718,18,1,74,0.25
3306,2718,39,2,46,0.25
3307,2719,39,1,48.3,0
3308,2720,39,1,48.3,0
3309,2720,16,1,103.95,0
3310,2720,34,1,33.6,0
3311,2721,45,4,18.9,0
3312,2721,8,1,28.35,0
3313,2722,29,1,166.95,0
3314,2722,36,2,68.25,0
3315,2723,20,1,44.1,0
3316,2724,34,2,33.6,0
3317,2725,19,1,37.8,0
3318,2725,30,3,72.45,0
3319,2725,48,2,29.4,0
3320,2726,23,1,198.45,0
3321,2727,23,1,198.45,0
3322,2727,32,2,93.45,0
3323,2728,12,1,187.95,0
3324,2728,38,2,25.2,0
3325,2728,17,2,30.45,0
3326,2729,36,1,65,0
3327,2729,38,1,24,0
3328,2730,9,1,19.95,0.15
3329,2730,7,2,135.45,0.15
3330,2730,17,2,30.45,0.15
3331,2730,16,2,103.95,0.15
3332,2731,31,1,51.45,0
3333,2731,21,1,471.45,0
3334,2732,32,4,93.45,0
3335,2732,30,1,72.45,0
3336,2733,43,1,40.95,0
3337,2733,12,2,187.95,0
3338,2734,12,2,179,0
3339,2735,11,1,156.45,0
3340,2735,28,1,36.75,0
3341,2736,10,1,25.2,0
3342,2737,23,1,198.45,0
3343,2737,21,1,471.45,0
3344,2737,42,1,56.7,0
3345,2738,27,2,51.45,0
3346,2739,10,4,25.2,0
3347,2739,32,2,93.45,0
3348,2739,24,1,30.45,0
3349,2740,36,2,68.25,0
3350,2740,25,1,93.45,0
3351,2741,32,1,93.45,0
3352,2742,9,3,19.95,0
3353,2743,14,1,23.1,0
3354,2743,12,1,187.95,0
3355,2743,6,1,35.7,0
3356,2744,36,3,68.25,0.25
3357,2745,17,1,30.45,0.15
3358,2745,27,1,51.45,0.15
3359,2745,31,1,51.45,0.15
3360,2745,41,1,303.45,0.15
3361,2745,18,1,77.7,0.15
3362,2746,7,1,135.45,0
3363,2747,30,1,72.45,0
3364,2747,43,1,40.95,0
3365,2748,9,2,19.95,0
3366,2749,29,1,166.95,0
3367,2749,6,1,35.7,0
3368,2749,8,1,28.35,0
3369,2749,40,1,30.45,0
3370,2750,17,1,30.45,0
3371,2750,44,1,27.3,0
3372,2750,10,2,25.2,0
3373,2750,15,1,46.2,0
3374,2751,36,1,68.25,0
3375,2752,37,1,75.6,0
3376,2752,9,1,19.95,0
3377,2752,4,1,124.95,0
3378,2753,34,1,33.6,0.25
3379,2754,21,2,471.45,0.25
3380,2755,42,2,56.7,0.15
3381,2756,28,1,36.75,0
3382,2756,8,1,28.35,0
3383,2757,34,1,33.6,0.1
3384,2758,27,1,51.45,0
3385,2758,35,2,208.95,0
3386,2759,18,2,74,0.05
3387,2760,45,1,18,0
3388,2761,32,2,89,0
3389,2762,38,1,24,0
3390,2763,1,1,39,0
3391,2763,17,1,29,0
3392,2764,37,1,72,0
3393,2765,7,2,129,0
3394,2765,12,4,179,0
3395,2766,30,1,69,0
3396,2766,31,1,49,0
3397,2766,11,1,149,0
3398,2767,35,1,199,0
3399,2767,42,1,54,0
3400,2768,48,1,29.4,0
3401,2768,32,1,93.45,0
3402,2769,26,1,19,0
3403,2769,28,1,35,0
3404,2769,29,1,159,0
3405,2770,22,2,345.45,0
3406,2770,46,1,23.1,0
3407,2770,5,1,67.2,0
3408,2770,18,3,77.7,0
3409,2771,13,1,61.95,0
3410,2771,44,2,27.3,0
3411,2771,23,1,198.45,0
3412,2772,7,2,135.45,0
3413,2773,20,1,44.1,0
3414,2774,17,1,29,0
3415,2774,32,1,89,0
3416,2775,35,2,199,0
3417,2775,15,1,44,0
3418,2775,21,1,449,0
3419,2775,33,1,79,0
3420,2775,41,1,289,0
3421,2776,20,2,42,0.1
3422,2777,37,3,75.6,0
3423,2777,45,1,18.9,0
3424,2778,8,1,27,0
3425,2778,14,1,22,0
3426,2779,33,1,79,0
3427,2779,21,1,449,0
3428,2780,48,3,28,0
3429,2780,19,1,36,0
3430,2781,25,2,93.45,0
3431,2782,30,1,72.45,0
3432,2783,1,1,40.95,0.15
3433,2784,46,1,23.1,0
3434,2784,15,1,46.2,0
3435,2784,18,1,77.7,0
3436,2785,43,1,39,0
3437,2786,43,2,40.95,0
3438,2786,45,1,18.9,0
3439,2787,17,1,29,0
3440,2787,46,1,22,0
3441,2787,2,4,89,0
3442,2787,31,1,49,0
3443,2788,16,1,99,0
3444,2788,5,2,64,0
3445,2789,1,2,39,0.1
3446,2789,8,1,27,0.1
3447,2789,26,1,19,0.1
3448,2790,22,1,329,0
3449,2790,48,1,28,0
3450,2791,6,1,34,0
3451,2791,1,2,39,0
3452,2792,38,2,25.2,0
3453,2793,19,2,37.8,0
3454,2793,40,2,30.45,0
3455,2793,32,2,93.45,0
3456,2793,3,1,47.25,0
3457,2794,5,1,67.2,0
3458,2794,14,1,23.1,0
3459,2794,23,1,198.45,0
3460,2795,22,1,345.45,0
3461,2795,13,1,61.95,0
3462,2795,36,1,68.25,0
3463,2795,9,2,19.95,0
3464,2796,48,1,29.4,0
3465,2797,5,1,67.2,0.15
3466,2798,32,1,93.45,0
3467,2798,36,1,68.25,0
3468,2799,46,1,23.1,0
3469,2800,21,3,471.45,0
3470,2800,40,1,30.45,0
3471,2800,24,1,30.45,0
3472,2801,40,2,30.45,0
3473,2801,32,3,93.45,0
3474,2801,25,1,93.45,0
3475,2802,27,3,51.45,0.05
3476,2803,31,1,49,0
3477,2804,37,1,72,0
3478,2805,31,2,49,0
3479,2806,37,2,72,0
3480,2806,5,1,64,0
3481,2807,3,1,47.25,0
3482,2807,27,4,51.45,0
3483,2807,15,1,46.2,0
3484,2808,35,4,199,0
3485,2808,14,1,22,0
3486,2809,16,1,99,0
3487,2810,33,1,82.95,0.15
3488,2810,25,1,93.45,0.15
3489,2810,26,1,19.95,0.15
3490,2811,9,1,19.95,0
3491,2811,14,1,23.1,0
3492,2811,19,1,37.8,0
3493,2812,35,1,208.95,0
3494,2813,7,1,135.45,0
3495,2813,8,1,28.35,0
3496,2814,1,1,40.95,0
3497,2815,37,2,75.6,0
3498,2815,18,1,77.7,0
3499,2816,6,3,35.7,0
3500,2817,34,1,33.6,0
3501,2817,23,1,198.45,0
3502,2818,33,1,79,0
3503,2819,16,1,103.95,0
3504,2820,19,1,37.8,0.25
3505,2821,35,1,208.95,0
3506,2822,31,1,49,0
3507,2822,44,2,26,0
3508,2823,19,3,37.8,0.25
3509,2823,43,1,40.95,0.25
3510,2824,35,1,208.95,0
3511,2825,23,1,198.45,0
3512,2825,4,2,124.95,0
3513,2826,5,1,64,0
3514,2827,44,1,27.3,0
3515,2827,45,1,18.9,0
3516,2827,38,1,25.2,0
3517,2828,36,1,68.25,0
3518,2829,32,1,89,0
3519,2829,23,1,189,0
3520,2830,25,3,93.45,0.25
3521,2831,47,3,39.9,0
3522,2831,29,4,166.95,0
3523,2831,6,4,35.7,0
3524,2832,14,1,23.1,0.25
3525,2833,43,1,40.95,0
3526,2833,10,1,25.2,0
3527,2833,15,1,46.2,0
3528,2834,32,1,93.45,0
3529,2835,1,1,40.95,0
3530,2836,26,2,19.95,0
3531,2836,20,1,44.1,0
3532,2837,6,3,34,0
3533,2838,31,3,51.45,0
3534,2838,13,1,61.95,0
3535,2838,22,2,345.45,0
3536,2838,9,1,19.95,0
3537,2839,25,1,93.45,0
3538,2840,45,1,18.9,0
3539,2841,4,1,124.95,0
3540,2841,5,1,67.2,0
3541,2842,34,1,32,0
3542,2843,20,1,42,0
3543,2844,22,2,345.45,0
3544,2845,1,1,40.95,0
3545,2845,16,1,103.95,0
3546,2846,34,1,32,0
3547,2846,41,1,289,0
3548,2847,29,1,159,0.05
3549,2848,17,1,29,0.05
3550,2848,23,1,189,0.05
3551,2848,45,2,18,0.05
3552,2849,15,1,44,0
3553,2849,26,1,19,0
3554,2850,26,3,19.95,0
3555,2850,3,2,47.25,0
3556,2851,3,1,45,0
3557,2851,37,1,72,0
3558,2852,30,1,72.45,0
3559,2852,8,1,28.35,0
3560,2852,33,4,82.95,0
3561,2853,1,1,39,0.1
3562,2853,31,3,49,0.1
3563,2853,25,1,89,0.1
3564,2854,12,1,179,0
3565,2854,22,1,329,0
3566,2855,40,1,30.45,0
3567,2855,37,1,75.6,0
3568,2856,37,1,75.6,0
3569,2856,7,1,135.45,0
3570,2856,13,1,61.95,0
3571,2857,15,1,44,0
3572,2858,40,1,30.45,0
3573,2858,2,1,93.45,0
3574,2859,37,2,75.6,0
3575,2859,29,3,166.95,0
3576,2859,35,1,208.95,0
3577,2859,26,1,19.95,0
3578,2860,18,2,77.7,0
3579,2860,19,1,37.8,0
3580,2861,19,1,37.8,0
3581,2862,11,2,156.45,0
3582,2863,42,1,56.7,0
3583,2863,28,1,36.75,0
3584,2863,11,3,156.45,0
3585,2864,40,1,30.45,0
3586,2865,21,1,449,0
3587,2865,14,1,22,0
3588,2865,6,1,34,0
3589,2866,2,1,89,0
3590,2867,44,1,27.3,0
3591,2868,27,1,49,0
3592,2868,16,1,99,0
3593,2868,43,1,39,0
3594,2869,40,2,30.45,0
3595,2870,16,3,99,0
3596,2871,13,3,61.95,0
3597,2872,7,3,135.45,0
3598,2872,39,2,48.3,0
3599,2872,34,3,33.6,0
3600,2872,24,1,30.45,0
3601,2873,39,3,48.3,0
3602,2873,11,1,156.45,0
3603,2874,10,2,25.2,0
3604,2874,20,1,44.1,0
3605,2874,41,1,303.45,0
3606,2874,16,4,103.95,0
3607,2875,18,1,77.7,0.1
3608,2875,11,3,156.45,0.1
3609,2875,12,1,187.95,0.1
3610,2875,22,2,345.45,0.1
3611,2876,16,1,103.95,0
3612,2877,46,4,23.1,0
3613,2878,41,3,303.45,0
3614,2879,43,1,40.95,0
3615,2879,46,1,23.1,0
3616,2880,23,2,198.45,0
3617,2881,23,1,198.45,0
3618,2881,5,2,67.2,0
3619,2881,26,1,19.95,0
3620,2881,35,1,208.95,0
3621,2882,27,1,49,0
3622,2882,6,1,34,0
3623,2883,9,2,19.95,0
3624,2884,28,2,36.75,0
3625,2884,29,2,166.95,0
3626,2884,5,1,67.2,0
3627,2885,48,2,28,0
3628,2885,7,1,129,0
3629,2886,41,3,303.45,0
3630,2887,10,2,25.2,0
3631,2887,48,1,29.4,0
3632,2887,45,2,18.9,0
3633,2887,11,1,156.45,0
3634,2888,24,2,30.45,0
3635,2888,48,1,29.4,0
3636,2888,41,2,303.45,0
3637,2889,31,1,51.45,0
3638,2890,3,1,47.25,0.25
3639,2890,36,1,68.25,0.25
3640,2891,42,2,56.7,0
3641,2892,43,2,40.95,0
3642,2892,41,1,303.45,0
3643,2892,24,1,30.45,0
3644,2893,18,1,77.7,0.1
3645,2893,15,2,46.2,0.1
3646,2893,30,1,72.45,0.1
3647,2894,6,1,35.7,0
3648,2895,8,1,28.35,0
3649,2895,18,2,77.7,0
3650,2896,4,1,124.95,0
3651,2897,22,2,345.45,0
3652,2898,14,2,23.1,0
3653,2899,2,1,93.45,0
3654,2900,12,1,187.95,0
3655,2901,36,1,68.25,0
3656,2901,2,1,93.45,0
3657,2902,26,1,19.95,0
3658,2902,39,1,48.3,0
3659,2903,7,1,135.45,0
3660,2903,4,1,124.95,0
3661,2903,34,1,33.6,0
3662,2904,17,4,30.45,0
3663,2904,35,1,208.95,0
3664,2905,41,2,303.45,0
3665,2905,16,3,103.95,0
3666,2905,15,1,46.2,0
3667,2905,26,2,19.95,0
3668,2905,3,1,47.25,0
3669,2906,48,1,29.4,0
3670,2906,16,1,103.95,0
3671,2906,9,1,19.95,0
3672,2907,1,3,39,0.15
3673,2908,42,1,56.7,0.05
3674,2908,41,2,303.45,0.05
3675,2909,42,1,56.7,0
3676,2910,36,2,68.25,0
3677,2911,2,1,93.45,0
3678,2911,4,1,124.95,0
3679,2912,19,1,37.8,0
3680,2912,12,3,187.95,0
3681,2912,5,1,67.2,0
3682,2913,42,1,56.7,0
3683,2913,15,1,46.2,0
3684,2914,46,1,23.1,0
3685,2914,14,2,23.1,0
3686,2915,23,1,198.45,0
3687,2916,33,1,82.95,0
3688,2916,36,1,68.25,0
3689,2917,13,1,59,0
3690,2917,41,1,289,0
3691,2918,6,2,34,0
3692,2919,36,1,65,0
3693,2920,37,2,72,0
3694,2921,29,1,159,0
3695,2921,20,3,42,0
3696,2922,26,1,19,0
3697,2922,38,1,24,0
3698,2922,40,1,29,0
3699,2922,22,1,329,0
3700,2923,2,1,89,0
3701,2923,36,1,65,0
3702,2924,30,1,69,0.1
3703,2924,14,2,22,0.1
3704,2924,8,1,27,0.1
3705,2925,4,1,124.95,0
3706,2925,11,1,156.45,0
3707,2925,3,1,47.25,0
3708,2926,25,1,93.45,0
3709,2927,45,1,18.9,0
3710,2927,2,1,93.45,0
3711,2928,47,3,39.9,0
3712,2929,47,1,39.9,0
3713,2930,21,1,471.45,0
3714,2930,3,1,47.25,0
3715,2930,43,1,40.95,0
3716,2930,47,1,39.9,0
3717,2930,20,1,44.1,0
3718,2931,41,1,303.45,0
3719,2932,32,1,93.45,0
3720,2932,39,1,48.3,0
3721,2932,27,1,51.45,0
3722,2932,47,3,39.9,0
3723,2933,20,1,44.1,0
3724,2933,42,1,56.7,0
3725,2934,46,4,23.1,0.25
3726,2934,9,2,19.95,0.25
3727,2935,23,1,198.45,0
3728,2935,18,2,77.7,0
3729,2935,10,1,25.2,0
3730,2935,34,2,33.6,0
3731,2936,33,1,82.95,0.15
3732,2936,9,1,19.95,0.15
3733,2937,39,2,48.3,0.1
3734,2937,34,2,33.6,0.1
3735,2938,27,1,51.45,0
3736,2938,30,2,72.45,0
3737,2938,24,1,30.45,0
3738,2939,16,3,99,0
3739,2939,15,2,44,0
3740,2940,16,1,103.95,0
3741,2941,19,1,37.8,0
3742,2942,39,1,46,0
3743,2943,18,4,77.7,0
3744,2943,36,3,68.25,0
3745,2943,13,1,61.95,0
3746,2943,42,1,56.7,0
3747,2944,6,1,34,0.15
3748,2944,26,2,19,0.15
3749,2944,15,1,44,0.15
3750,2945,31,1,51.45,0
3751,2946,44,1,27.3,0.25
3752,2946,14,2,23.1,0.25
3753,2947,19,1,36,0
3754,2947,45,2,18,0
3755,2947,32,2,89,0
3756,2948,40,1,30.45,0
3757,2948,8,1,28.35,0
3758,2949,24,2,30.45,0.15
3759,2949,6,2,35.7,0.15
3760,2949,44,3,27.3,0.15
3761,2949,25,2,93.45,0.15
3762,2950,9,3,19.95,0
3763,2950,3,2,47.25,0
3764,2950,2,1,93.45,0
3765,2951,36,1,68.25,0
3766,2951,1,1,40.95,0
3767,2951,40,1,30.45,0
3768,2952,36,2,68.25,0
3769,2953,42,1,56.7,0
3770,2953,12,1,187.95,0
3771,2953,30,1,72.45,0
3772,2953,32,1,93.45,0
3773,2954,43,1,39,0
3774,2954,31,2,49,0
3775,2954,28,2,35,0
3776,2955,19,2,36,0
3777,2956,12,1,187.95,0
3778,2956,31,1,51.45,0
3779,2957,18,1,74,0
3780,2957,36,1,65,0
3781,2958,11,1,149,0
3782,2958,42,1,54,0
3783,2958,14,1,22,0
3784,2959,33,1,82.95,0
3785,2959,47,2,39.9,0
3786,2959,10,1,25.2,0
3787,2960,11,1,149,0
3788,2961,33,2,79,0.1
3789,2962,11,1,149,0
3790,2962,34,1,32,0
3791,2962,6,3,34,0
3792,2963,41,1,289,0
3793,2963,36,1,65,0
3794,2963,13,1,59,0
3795,2963,2,1,89,0
3796,2964,29,1,159,0
3797,2965,47,3,38,0
3798,2965,44,1,26,0
3799,2966,11,1,149,0
3800,2966,35,2,199,0
3801,2967,34,1,32,0
3802,2967,8,1,27,0
3803,2967,29,1,159,0
3804,2968,48,1,28,0.15
3805,2969,33,1,79,0
3806,2970,15,1,44,0
3807,2970,46,1,22,0
3808,2970,43,2,39,0
3809,2971,26,2,19.95,0
3810,2971,32,3,93.45,0
3811,2972,18,1,77.7,0
3812,2972,11,1,156.45,0
3813,2972,42,1,56.7,0
3814,2973,17,1,30.45,0
3815,2973,1,1,40.95,0
3816,2973,7,1,135.45,0
3817,2974,39,1,48.3,0
3818,2974,24,1,30.45,0
3819,2974,28,1,36.75,0
3820,2974,32,1,93.45,0
3821,2974,16,2,103.95,0
3822,2975,32,3,93.45,0
3823,2976,6,2,35.7,0.1
3824,2977,44,1,27.3,0
3825,2977,21,2,471.45,0
3826,2978,6,1,35.7,0
3827,2978,47,2,39.9,0
3828,2978,5,1,67.2,0
3829,2979,32,1,93.45,0.05
3830,2980,30,1,72.45,0
3831,2981,40,1,30.45,0
3832,2981,15,1,46.2,0
3833,2981,1,2,40.95,0
3834,2981,8,1,28.35,0
3835,2981,14,1,23.1,0
3836,2982,2,1,93.45,0
3837,2983,14,1,22,0
3838,2983,47,2,38,0
3839,2983,39,1,46,0
3840,2983,32,2,89,0
3841,2983,9,1,19,0
3842,2984,29,1,159,0
3843,2985,10,1,24,0
3844,2986,6,1,34,0
3845,2987,28,1,35,0
3846,2987,18,1,74,0
3847,2987,23,1,189,0
3848,2988,13,2,59,0
3849,2988,37,1,72,0
3850,2988,35,2,199,0
3851,2988,14,1,22,0
3852,2988,44,1,26,0
3853,2989,33,1,79,0
3854,2990,36,1,65,0
3855,2990,30,1,69,0
3856,2991,46,4,22,0
3857,2991,31,1,49,0
3858,2992,39,3,46,0
3859,2992,2,1,89,0
3860,2993,13,1,59,0
3861,2993,31,1,49,0
3862,2994,13,3,61.95,0
3863,2994,41,1,303.45,0
3864,2995,35,1,208.95,0.25
3865,2995,10,2,25.2,0.25
3866,2995,1,1,40.95,0.25
3867,2996,20,1,44.1,0
3868,2997,30,2,72.45,0
3869,2997,8,1,28.35,0
3870,2998,46,2,23.1,0
3871,2998,40,3,30.45,0
3872,2999,27,1,51.45,0
3873,2999,41,1,303.45,0
3874,2999,23,2,198.45,0
3875,3000,16,1,103.95,0
3876,3000,13,2,61.95,0
3877,3000,46,1,23.1,0
3878,3001,37,4,75.6,0
3879,3001,35,2,208.95,0
3880,3001,9,1,19.95,0
3881,3002,33,1,82.95,0
3882,3002,19,1,37.8,0
3883,3002,26,1,19.95,0
3884,3003,31,2,51.45,0
3885,3004,48,1,29.4,0
3886,3004,26,1,19.95,0
3887,3005,47,1,39.9,0
3888,3005,12,2,187.95,0
3889,3006,9,1,19.95,0
3890,3006,20,3,44.1,0
3891,3007,11,1,156.45,0
3892,3008,20,2,44.1,0
3893,3008,34,2,33.6,0
3894,3009,42,2,56.7,0
3895,3009,1,2,40.95,0
3896,3010,10,1,25.2,0.25
3897,3011,27,3,49,0
3898,3012,33,1,79,0
3899,3013,20,2,42,0
3900,3013,3,1,45,0
3901,3014,6,2,34,0
3902,3015,38,1,25.2,0.15
3903,3015,23,1,198.45,0.15
3904,3016,7,1,129,0
3905,3017,18,1,74,0
3906,3017,12,1,179,0
3907,3018,25,1,93.45,0
3908,3019,31,2,51.45,0
3909,3020,44,1,27.3,0.1
3910,3020,45,1,18.9,0.1
3911,3021,27,2,51.45,0
3912,3022,27,2,51.45,0
3913,3022,20,1,44.1,0
3914,3022,9,1,19.95,0
3915,3023,41,2,303.45,0
3916,3024,15,1,46.2,0
3917,3024,9,1,19.95,0
3918,3024,1,1,40.95,0
3919,3025,12,1,187.95,0
3920,3026,5,1,67.2,0
3921,3027,4,1,124.95,0.25
3922,3028,41,1,303.45,0
3923,3028,42,2,56.7,0
3924,3029,5,1,67.2,0
3925,3029,24,3,30.45,0
3926,3030,34,1,33.6,0
3927,3031,15,1,46.2,0
3928,3031,47,1,39.9,0
3929,3031,13,1,61.95,0
3930,3031,24,1,30.45,0
3931,3032,44,1,27.3,0
3932,3032,38,1,25.2,0
3933,3032,1,1,40.95,0
3934,3033,13,1,59,0
3935,3033,38,2,24,0
3936,3034,31,2,49,0
3937,3034,23,1,189,0
3938,3034,1,1,39,0
3939,3035,16,1,103.95,0
3940,3035,4,1,124.95,0
3941,3035,28,1,36.75,0
3942,3036,11,4,156.45,0
3943,3037,15,1,46.2,0
3944,3038,15,1,46.2,0.15
3945,3039,24,1,30.45,0
3946,3039,20,2,44.1,0
3947,3039,23,1,198.45,0
3948,3039,13,1,61.95,0
3949,3040,47,4,39.9,0
3950,3040,14,1,23.1,0
3951,3041,44,1,27.3,0
3952,3042,43,1,40.95,0
3953,3043,22,2,329,0
3954,3044,44,1,27.3,0
3955,3044,14,1,23.1,0
3956,3045,36,1,68.25,0
3957,3046,48,1,29.4,0
3958,3046,14,1,23.1,0
3959,3046,31,1,51.45,0
3960,3046,38,1,25.2,0
3961,3047,35,2,208.95,0
3962,3048,11,1,156.45,0.25
3963,3049,26,1,19.95,0
3964,3049,3,1,47.25,0
3965,3050,45,1,18.9,0
3966,3050,48,1,29.4,0
3967,3051,15,1,46.2,0
3968,3052,1,2,40.95,0
3969,3053,25,1,93.45,0
3970,3053,45,1,18.9,0
3971,3054,36,1,68.25,0
3972,3054,30,1,72.45,0
3973,3054,41,1,303.45,0
3974,3054,33,1,82.95,0
3975,3055,17,1,30.45,0
3976,3056,35,1,208.95,0.1
3977,3056,18,2,77.7,0.1
3978,3057,9,1,19,0
3979,3057,31,2,49,0
3980,3058,48,1,29.4,0.25
3981,3059,11,2,149,0
3982,3060,32,1,93.45,0
3983,3060,21,1,471.45,0
3984,3060,45,1,18.9,0
3985,3061,32,2,89,0
3986,3062,30,1,72.45,0
3987,3063,37,1,75.6,0
3988,3064,41,1,303.45,0
3989,3064,2,2,93.45,0
3990,3064,1,1,40.95,0
3991,3065,48,1,28,0
