product_id,name,category_id,unit_price,unit_cost,launched_on,is_active
1,Cast Iron Skillet 26cm,6,39,17.45,2022-04-11,1
2,Nonstick Saucepan Set,6,89,35.04,2022-07-05,1
3,Carbon Steel Wok,6,45,25.04,2023-02-04,1
4,Enamel Dutch Oven 5L,6,119,62.16,2023-05-24,1
5,Chef Knife 20cm,6,64,27.75,2023-06-07,1
6,Pour-Over Coffee Kit,7,34,14.09,2022-07-28,1
7,Burr Coffee Grinder,7,129,76.99,2021-10-28,1
8,Glass Teapot 1L,7,27,12.22,2022-04-22,1
9,Espresso Tamper,7,19,7.95,2023-05-21,0
10,Insulated Travel Mug,7,24,13.91,2021-07-17,1
11,2-Person Dome Tent,8,149,83.09,2022-01-24,1
12,Ultralight Sleeping Bag,8,179,82.91,2023-01-21,1
13,Camping Stove,8,59,26.65,2022-02-23,1
14,LED Headlamp,8,22,9.47,2023-03-16,1
15,Folding Camp Chair,8,44,20.74,2022-03-25,1
16,Raised Garden Bed,9,99,51.61,2022-07-04,1
17,Pruning Shears,9,29,11.68,2022-04-03,1
18,Hose Reel Cart,9,74,35.06,2023-01-26,0
19,Herb Planter Trio,9,36,15.43,2022-03-22,1
20,Solar Path Lights (6),9,42,24.54,2023-04-12,1
21,Standing Desk 140cm,10,449,204.98,2023-06-07,1
22,Ergonomic Task Chair,10,329,178.04,2021-08-31,1
23,Compact Writing Desk,10,189,112.01,2023-09-14,1
24,Desk Mat XL,11,29,14.73,2023-02-10,1
25,Monitor Arm,11,89,42.07,2021-09-21,1
26,Cable Management Kit,11,19,7.32,2022-04-22,1
27,Laptop Stand,11,49,22.21,2022-03-14,1
28,Wireless Charging Pad,11,35,16.57,2023-04-03,1
29,Arc Floor Lamp,12,159,85.7,2021-11-21,1
30,Linen Table Lamp,12,69,34.31,2022-01-11,1
31,Smart LED Bulb (4),12,49,24.04,2023-02-07,1
32,Wall Sconce Pair,12,89,46.86,2022-01-19,1
33,Wool Throw Blanket,13,79,34.83,2022-03-05,1
34,Cotton Cushion Covers (2),13,32,15.63,2021-08-27,0
35,Jute Area Rug 160x230,13,199,84.52,2022-11-16,1
36,Blackout Curtains,13,65,28.37,2021-10-02,1
37,Cork Yoga Mat,14,72,41.52,2022-05-13,1
38,Yoga Block Set,14,24,13.25,2023-10-31,1
39,Meditation Cushion,14,46,21.72,2021-07-15,1
40,Resistance Bands Set,15,29,16.21,2021-09-03,1
41,Adjustable Dumbbells 24kg,15,289,140.21,2025-05-15,1
42,Kettlebell 12kg,15,54,25.58,2024-10-07,1
43,Pull-Up Bar,15,39,15.24,2024-12-10,1
44,Foam Roller,15,26,11.2,2024-12-09,1
45,Jump Rope Pro,15,18,8.28,2024-11-11,1
46,Ceramic Pour-Over Dripper,7,22,12.94,2025-04-06,1
47,Picnic Blanket,2,38,21.51,2024-03-20,1
48,Bamboo Cutting Board,1,28,12.81,2024-12-24,1
