return_id,order_item_id,return_date,reason,refund_amount
1,33,2024-12-01,not_as_described,189.05
2,34,2024-12-04,changed_mind,274.55
3,36,2024-11-21,changed_mind,94.05
4,40,2025-01-12,changed_mind,199
5,46,2025-06-25,damaged,30.45
6,47,2025-06-25,changed_mind,68.25
7,81,2025-05-18,damaged,135.45
8,85,2024-07-22,changed_mind,159
9,92,2025-11-10,changed_mind,92.4
10,98,2025-12-02,damaged,93.45
11,175,2025-08-28,damaged,135.45
12,213,2024-11-30,damaged,19
13,260,2024-05-03,damaged,449
14,295,2025-12-07,changed_mind,186.9
15,305,2025-11-15,not_as_described,64.26
16,328,2024-10-07,damaged,118
17,330,2024-10-13,damaged,119
18,348,2025-04-20,damaged,122.85
19,400,2024-12-14,damaged,193.5
20,547,2025-12-13,damaged,124.95
21,599,2025-01-30,damaged,89
22,609,2025-04-29,damaged,121.9
23,619,2024-12-05,damaged,111.75
24,620,2024-12-08,wrong_item,18
25,645,2025-09-20,not_as_described,51.45
26,675,2025-12-04,damaged,148.84
27,709,2025-12-26,not_as_described,280.35
28,730,2024-11-09,wrong_item,195
29,749,2025-02-12,wrong_item,23.8
30,771,2025-08-01,changed_mind,46.2
31,853,2025-09-12,changed_mind,93.45
32,891,2025-06-28,not_as_described,144.9
33,895,2025-09-10,not_as_described,61.95
34,912,2025-10-21,not_as_described,56.7
35,925,2025-10-29,wrong_item,61.95
36,946,2025-10-30,not_as_described,68.25
37,948,2025-10-23,damaged,39.9
38,951,2025-11-06,not_as_described,165.9
39,969,2025-10-23,not_as_described,23.1
40,1045,2025-04-20,changed_mind,303.45
41,1086,2025-05-23,not_as_described,61.95
42,1087,2025-05-18,not_as_described,30.45
43,1130,2025-07-30,changed_mind,690.9
44,1236,2024-10-21,not_as_described,42
45,1238,2024-11-06,not_as_described,35
46,1244,2025-11-13,wrong_item,46.41
47,1247,2025-12-23,wrong_item,93.45
48,1257,2024-08-30,not_as_described,33
49,1263,2024-11-18,changed_mind,867
50,1282,2025-03-20,late_delivery,280.35
51,1292,2024-07-13,late_delivery,147
52,1293,2024-07-31,changed_mind,64
53,1295,2024-06-08,changed_mind,96.75
54,1306,2024-03-04,damaged,198
55,1315,2025-11-29,wrong_item,75.6
56,1360,2025-12-18,damaged,331.8
57,1363,2025-12-08,changed_mind,39.9
58,1367,2025-07-29,changed_mind,19.95
59,1368,2025-08-09,wrong_item,942.9
60,1427,2025-10-27,not_as_described,30.45
61,1453,2025-12-10,changed_mind,40.95
62,1454,2025-12-14,late_delivery,312.9
63,1478,2025-03-15,changed_mind,44.1
64,1480,2025-03-25,wrong_item,39.9
65,1516,2024-02-28,changed_mind,148
66,1548,2025-10-16,late_delivery,44.1
67,1576,2025-12-09,damaged,471.45
68,1583,2025-05-12,changed_mind,113.4
69,1586,2025-05-17,not_as_described,249.9
70,1589,2025-12-12,wrong_item,154.35
71,1634,2025-09-26,not_as_described,77.7
72,1641,2024-09-26,changed_mind,32
73,1675,2025-03-25,damaged,378
74,1684,2025-04-07,damaged,156.45
75,1685,2025-04-26,not_as_described,23.1
76,1720,2025-11-30,late_delivery,88.2
77,1729,2025-01-30,not_as_described,149
78,1751,2025-09-17,not_as_described,93.45
79,1792,2025-07-26,damaged,77.7
80,1793,2025-07-16,changed_mind,93.45
81,1820,2025-11-17,damaged,68.25
82,1834,2025-10-20,not_as_described,153.56
83,1840,2025-12-15,changed_mind,51.45
84,1852,2025-06-17,wrong_item,91.35
85,1881,2024-12-15,not_as_described,178
86,1882,2024-12-28,not_as_described,24
87,1936,2025-10-15,not_as_described,46.2
88,1951,2024-03-10,damaged,32
89,1953,2025-02-10,not_as_described,45
90,1954,2025-03-02,not_as_described,35
91,2078,2025-02-15,changed_mind,108
92,2127,2025-04-27,not_as_described,19.95
93,2135,2024-11-17,not_as_described,45
94,2137,2024-10-26,changed_mind,99
95,2151,2025-10-24,damaged,113.4
96,2152,2025-10-24,late_delivery,51.45
97,2153,2025-10-12,wrong_item,37.8
98,2164,2025-09-14,damaged,44.89
99,2165,2025-09-05,changed_mind,288.28
100,2173,2025-06-03,not_as_described,36.75
101,2175,2025-05-29,not_as_described,67.2
102,2201,2025-09-12,damaged,177.61
103,2272,2025-07-03,not_as_described,25.2
104,2277,2024-10-08,wrong_item,178
105,2307,2025-10-31,wrong_item,51.45
106,2334,2025-05-23,changed_mind,155.4
107,2337,2025-05-13,wrong_item,85.05
108,2345,2025-11-18,not_as_described,91.35
109,2352,2024-04-09,late_delivery,79
110,2369,2024-11-23,wrong_item,78
111,2371,2024-09-23,changed_mind,18
112,2381,2025-10-06,wrong_item,72.45
113,2383,2024-12-07,changed_mind,29
114,2422,2024-06-20,damaged,149
115,2423,2024-06-07,wrong_item,22
116,2424,2025-03-04,wrong_item,99
117,2425,2025-03-11,wrong_item,179
118,2451,2025-12-10,damaged,156.71
119,2460,2025-12-18,changed_mind,124.95
120,2520,2025-02-02,changed_mind,28
121,2536,2025-08-21,late_delivery,166.95
122,2572,2025-12-03,damaged,56.7
123,2583,2024-08-11,not_as_described,88
124,2585,2025-11-15,wrong_item,30.45
125,2592,2024-12-21,changed_mind,116
126,2593,2025-01-07,damaged,36
127,2604,2025-12-18,damaged,82.95
128,2644,2025-04-10,not_as_described,25.2
129,2648,2024-10-19,damaged,29
130,2675,2025-05-27,changed_mind,155.4
131,2708,2024-02-14,not_as_described,29
132,2737,2025-03-30,changed_mind,471.45
133,2738,2025-03-22,not_as_described,51.45
134,2739,2025-03-26,not_as_described,280.35
135,2741,2025-04-10,changed_mind,207.9
136,2749,2024-05-10,changed_mind,28.8
137,2778,2024-04-19,wrong_item,222
138,2779,2024-04-17,changed_mind,129
139,2813,2025-12-22,wrong_item,38.59
140,2814,2025-12-12,not_as_described,21.26
141,2816,2025-12-03,damaged,75.6
142,2836,2025-12-21,late_delivery,39.9
143,2868,2025-11-14,changed_mind,75.6
144,2875,2024-08-03,changed_mind,89
145,2903,2024-12-11,changed_mind,54
146,2905,2024-11-28,changed_mind,158
147,2944,2025-02-01,not_as_described,36
148,2959,2025-11-11,wrong_item,27.3
149,3005,2024-09-15,not_as_described,207
150,3016,2025-04-03,wrong_item,77.7
151,3032,2025-08-13,not_as_described,23.1
152,3045,2025-10-28,not_as_described,25.2
153,3072,2024-03-01,changed_mind,54
154,3118,2025-02-07,wrong_item,35
155,3134,2025-12-30,wrong_item,207.9
156,3185,2025-07-10,not_as_described,40.95
157,3204,2025-02-19,changed_mind,58
158,3222,2025-06-02,changed_mind,43.73
159,3229,2025-03-28,damaged,72.45
160,3231,2025-06-13,changed_mind,425.72
161,3258,2025-08-24,damaged,471.45
162,3270,2025-12-21,damaged,25.2
163,3289,2025-02-27,not_as_described,99
164,3291,2025-02-20,not_as_described,18
165,3308,2025-09-04,damaged,48.3
166,3309,2025-08-19,damaged,103.95
167,3310,2025-08-13,not_as_described,33.6
168,3311,2025-08-13,damaged,75.6
169,3365,2025-11-30,changed_mind,39.9
170,3392,2025-01-28,damaged,72
171,3393,2025-01-23,damaged,258
172,3394,2025-01-18,changed_mind,716
173,3431,2025-12-15,not_as_described,72.45
174,3462,2025-11-17,changed_mind,68.25
175,3505,2025-09-12,changed_mind,208.95
176,3590,2025-04-27,wrong_item,27.3
177,3596,2025-06-10,wrong_item,185.85
178,3610,2025-10-05,not_as_described,621.81
179,3612,2025-12-29,changed_mind,92.4
180,3658,2025-07-30,changed_mind,48.3
181,3662,2025-08-03,wrong_item,121.8
182,3692,2024-06-17,damaged,65
183,3740,2025-08-31,changed_mind,103.95
184,3756,2025-11-28,changed_mind,30.45
185,3757,2025-11-25,damaged,28.35
186,3796,2024-12-22,not_as_described,159
187,3800,2024-08-07,changed_mind,398
188,3801,2024-07-11,wrong_item,32
189,3802,2024-07-16,changed_mind,27
190,3830,2025-12-07,damaged,72.45
191,3843,2024-05-06,late_delivery,24
192,3904,2024-07-04,changed_mind,129
193,3910,2025-10-25,late_delivery,17.01
194,3919,2025-08-13,late_delivery,187.95
195,3951,2025-11-12,late_delivery,27.3
196,3956,2025-09-15,changed_mind,68.25
197,3963,2025-08-20,not_as_described,19.95
198,3964,2025-09-03,changed_mind,47.25
