ticket_id,customer_id,order_id,opened_at,closed_at,priority,channel,satisfaction,agent_id
1,565,2960,2025-02-01 00:56:56,2025-02-05 23:56:56,normal,email,,7
2,324,2112,2024-10-05 11:30:40,2024-10-07 06:30:40,high,email,4,9
3,161,1559,2024-12-06 19:02:53,2024-12-12 23:02:53,low,email,,6
4,185,1651,2025-10-04 10:42:00,2025-10-08 22:42:00,low,chat,,6
5,70,1188,2025-02-25 08:47:48,2025-02-26 13:47:48,high,chat,5,9
6,464,2599,2025-04-28 04:18:39,2025-04-28 13:18:39,urgent,chat,5,8
7,299,2039,2025-10-17 02:13:12,2025-10-17 18:13:12,low,chat,,9
8,67,1168,2025-08-14 17:24:18,2025-08-18 13:24:18,normal,email,3,7
9,339,2204,2025-05-24 23:07:33,2025-05-28 22:07:33,normal,email,3,6
10,565,2957,2024-08-24 01:07:01,2024-08-30 16:07:01,normal,email,2,9
11,67,1162,2025-07-10 14:42:43,2025-07-12 00:42:43,normal,email,5,8
12,581,,2024-11-05 00:38:40,2024-11-07 13:38:40,normal,chat,4,7
13,97,1300,2025-08-30 08:00:21,2025-09-03 21:00:21,normal,chat,2,9
14,583,3023,2025-12-29 15:47:10,,low,chat,4,8
15,280,1976,2025-11-20 04:52:46,2025-11-26 00:52:46,normal,email,2,6
16,199,,2025-07-04 20:08:22,2025-07-06 14:08:22,low,chat,5,9
17,151,1521,2025-09-27 22:24:44,2025-09-28 09:24:44,urgent,chat,,9
18,541,2866,2024-08-17 01:46:50,2024-08-23 12:46:50,low,chat,3,9
19,19,,2024-12-08 06:56:07,2024-12-13 00:56:07,normal,email,,6
20,301,2044,2025-03-19 19:11:55,,normal,email,,6
21,147,1490,2024-11-27 02:04:15,2024-11-28 18:04:15,low,email,5,9
22,290,2006,2024-12-21 13:24:38,2024-12-21 19:24:38,high,chat,,7
23,579,3006,2025-10-22 00:05:53,2025-10-22 11:05:53,normal,chat,,8
24,166,1603,2025-12-18 22:49:35,2025-12-23 09:49:35,normal,phone,,7
25,462,,2025-05-18 22:21:16,2025-05-25 09:21:16,normal,email,,9
26,435,2493,2024-08-20 22:28:31,2024-08-22 09:28:31,normal,chat,5,6
27,550,2917,2024-05-03 22:15:37,2024-05-07 01:15:37,low,chat,3,9
28,524,2815,2025-11-26 17:39:00,2025-12-01 00:39:00,normal,chat,,7
29,388,2340,2025-09-29 00:24:52,,normal,email,,9
30,391,2358,2024-12-05 04:35:02,2024-12-09 17:35:02,normal,chat,3,9
31,501,2740,2025-11-29 08:35:22,2025-11-29 19:35:22,normal,email,,9
32,437,2497,2025-07-11 23:48:07,2025-07-14 11:48:07,low,email,,7
33,388,2348,2025-10-17 17:24:50,2025-10-19 12:24:50,normal,chat,4,9
34,375,2295,2025-11-28 16:19:53,,low,email,,6
35,104,1325,2025-12-18 04:50:00,2025-12-19 21:50:00,high,email,5,6
36,197,1682,2024-10-29 02:54:47,2024-11-01 07:54:47,normal,phone,4,7
37,411,2425,2024-11-01 11:57:55,2024-11-05 15:57:55,normal,chat,,9
38,312,2067,2025-09-15 19:47:58,2025-09-20 15:47:58,normal,chat,3,6
39,147,1485,2025-06-27 14:29:33,2025-07-01 15:29:33,normal,email,3,7
40,11,1023,2024-12-13 13:14:27,2024-12-15 20:14:27,low,email,4,9
41,166,1610,2025-12-06 19:20:48,2025-12-09 02:20:48,normal,chat,,8
42,541,2861,2025-06-09 19:29:00,2025-06-12 17:29:00,low,chat,,6
43,453,2563,2024-06-07 22:21:04,2024-06-10 01:21:04,normal,chat,,9
44,49,1115,2025-03-28 22:27:53,2025-03-29 21:27:53,low,chat,,6
45,134,,2024-12-20 22:01:15,2024-12-24 21:01:15,normal,email,3,8
46,269,1947,2024-07-04 21:26:14,2024-07-06 22:26:14,low,email,,6
47,385,2328,2025-06-18 17:44:54,2025-06-21 23:44:54,low,chat,3,8
48,489,2682,2025-04-12 02:42:46,2025-04-12 09:42:46,normal,phone,,7
49,380,,2025-12-17 00:19:43,,high,email,,8
50,501,2736,2025-10-05 09:14:43,,high,email,,6
51,326,2128,2025-11-12 21:44:31,2025-11-13 08:44:31,urgent,email,5,7
52,452,2553,2025-08-03 19:14:26,,normal,phone,,7
53,148,1494,2025-10-17 04:44:01,2025-10-19 12:44:01,low,chat,4,8
54,213,1750,2025-03-04 19:32:29,,low,chat,,7
55,139,1455,2025-05-02 05:24:47,,normal,email,,8
56,430,,2025-11-17 04:57:20,2025-11-18 22:57:20,high,phone,5,6
57,441,2515,2025-01-17 15:36:23,2025-01-18 00:36:23,urgent,phone,5,9
58,384,2320,2025-12-24 01:12:10,2025-12-25 21:12:10,high,chat,3,7
59,132,1431,2024-05-06 23:26:43,2024-05-08 19:26:43,high,chat,5,8
60,514,2802,2025-11-17 00:58:34,2025-11-22 11:58:34,normal,email,3,8
61,204,1703,2025-11-27 16:39:04,2025-11-29 16:39:04,high,chat,4,9
62,385,2331,2024-11-28 20:31:29,2024-11-29 19:31:29,low,email,4,7
63,388,2346,2025-06-28 18:03:49,2025-06-29 03:03:49,high,chat,,8
64,400,2381,2025-06-30 13:07:49,2025-07-02 00:07:49,normal,email,,6
65,7,1016,2024-11-12 02:13:04,2024-11-17 12:13:04,low,phone,4,8
66,224,1786,2025-12-09 17:24:10,2025-12-10 09:24:10,low,phone,5,7
67,166,1608,2025-12-09 17:33:49,2025-12-10 00:33:49,normal,email,5,8
68,284,1997,2025-11-15 16:11:11,2025-11-17 05:11:11,high,chat,,7
69,27,1042,2025-10-19 20:54:36,2025-10-22 22:54:36,normal,phone,4,9
70,266,1935,2025-02-27 16:14:42,2025-03-04 23:14:42,normal,email,3,7
71,61,1146,2025-07-28 05:35:00,2025-08-03 13:35:00,normal,chat,3,7
72,118,1369,2025-12-17 22:27:25,2025-12-18 23:27:25,low,phone,4,9
73,162,1567,2025-03-15 18:13:53,,normal,email,,7
74,589,3043,2024-09-18 19:01:22,2024-09-23 09:01:22,normal,chat,,8
75,58,1141,2025-08-28 00:41:24,2025-08-28 19:41:24,high,email,4,7
76,280,1981,2025-08-24 22:46:18,2025-08-28 10:46:18,normal,email,,6
77,33,1057,2025-09-13 15:40:46,2025-09-17 08:40:46,normal,email,4,7
78,511,2782,2025-12-12 21:46:41,2025-12-19 11:46:41,low,phone,,6
79,204,,2025-01-29 13:35:53,2025-02-03 01:35:53,normal,email,4,8
80,501,2737,2025-10-08 21:12:52,2025-10-09 02:12:52,normal,email,5,7
81,324,2118,2025-02-17 14:03:49,2025-02-23 02:03:49,normal,email,3,9
82,101,1316,2025-11-21 07:53:54,2025-11-22 02:53:54,high,chat,5,6
83,307,2060,2025-12-09 02:46:11,2025-12-14 01:46:11,low,chat,2,8
84,112,1361,2025-04-06 20:43:53,2025-04-12 08:43:53,normal,email,,9
85,94,1289,2025-06-14 22:31:52,2025-06-21 04:31:52,normal,email,3,9
86,575,,2025-10-31 11:37:35,2025-11-06 09:37:35,low,email,3,6
87,547,2900,2025-11-03 21:34:05,2025-11-09 13:34:05,normal,chat,4,6
88,583,3025,2025-07-30 01:01:18,2025-07-30 11:01:18,high,email,5,8
89,576,3001,2025-10-23 17:29:15,2025-10-27 05:29:15,low,email,3,8
90,407,2410,2025-04-22 18:58:39,,urgent,email,,6
91,216,1764,2025-11-05 00:09:07,2025-11-05 09:09:07,normal,email,,8
92,7,1018,2024-12-28 14:59:17,2024-12-30 03:59:17,high,email,,7
93,277,1969,2025-09-22 23:16:35,2025-09-26 12:16:35,normal,email,4,7
94,490,2692,2024-10-16 00:36:37,2024-10-17 05:36:37,low,email,,6
95,79,1225,2025-02-28 18:37:03,2025-03-03 22:37:03,low,email,4,8
96,313,2076,2025-05-17 01:20:10,2025-05-17 08:20:10,low,phone,5,8
97,151,1518,2025-12-03 03:59:11,2025-12-08 15:59:11,low,phone,4,6
98,36,1084,2025-05-01 18:33:04,2025-05-03 16:33:04,low,phone,,8
99,259,1897,2025-04-29 04:38:48,2025-04-30 00:38:48,low,phone,5,9
100,71,1196,2024-11-27 23:45:06,2024-12-02 06:45:06,low,email,4,9
101,224,1795,2025-12-26 12:37:46,2025-12-31 16:37:46,low,chat,2,8
102,441,,2025-01-21 22:00:23,2025-01-27 22:00:23,normal,email,3,9
103,96,1295,2025-12-02 22:49:27,2025-12-09 03:49:27,normal,email,3,8
104,40,1095,2024-11-16 11:16:57,2024-11-17 07:16:57,low,chat,4,9
105,280,1978,2025-09-18 23:29:38,2025-09-19 23:29:38,normal,email,,8
106,307,2060,2025-12-07 21:47:11,2025-12-12 17:47:11,low,chat,,6
107,246,1849,2025-09-05 16:30:46,2025-09-11 21:30:46,low,phone,4,9
108,47,1114,2024-06-05 17:04:52,2024-06-11 17:04:52,low,email,,6
109,595,3052,2025-10-24 04:17:34,2025-10-25 14:17:34,normal,chat,,8
110,182,1641,2025-02-26 16:26:32,2025-02-27 13:26:32,normal,email,5,9
111,110,1346,2025-06-15 00:26:24,2025-06-16 10:26:24,low,email,5,8
112,73,1208,2025-11-21 16:45:46,2025-11-22 01:45:46,normal,email,5,7
113,385,2323,2025-03-11 23:29:34,2025-03-12 08:29:34,urgent,chat,4,6
114,369,2275,2025-11-19 23:59:34,2025-11-21 05:59:34,normal,email,4,8
115,364,2262,2025-11-11 21:00:30,2025-11-17 14:00:30,low,email,3,8
116,207,1731,2025-07-20 03:47:47,2025-07-22 01:47:47,high,email,,8
117,27,1041,2025-12-30 11:30:28,2025-12-30 15:30:28,low,chat,5,7
118,149,1508,2025-10-20 17:30:48,2025-10-24 20:30:48,normal,phone,3,9
119,53,1130,2024-05-26 10:16:26,2024-05-26 22:16:26,low,chat,,9
120,419,2455,2024-11-24 02:19:51,2024-11-25 21:19:51,high,email,4,7
121,555,2930,2025-11-26 06:11:05,2025-11-29 19:11:05,normal,phone,4,7
122,306,,2025-11-28 22:10:15,2025-12-03 22:10:15,low,email,2,9
123,490,2691,2024-08-11 19:28:18,2024-08-14 08:28:18,normal,phone,,9
124,23,1035,2025-01-11 14:19:25,2025-01-13 03:19:25,high,email,5,9
125,396,2375,2024-05-13 22:38:42,2024-05-16 15:38:42,normal,email,,8
126,32,1051,2025-11-26 23:08:17,2025-12-02 19:08:17,normal,email,3,6
127,211,1742,2025-08-28 09:42:05,2025-08-29 04:42:05,high,phone,5,8
128,234,1826,2025-12-24 02:26:30,2025-12-24 23:26:30,high,phone,5,8
129,155,1539,2025-06-16 23:02:10,2025-06-20 18:02:10,normal,chat,4,6
130,362,2260,2024-11-23 14:56:58,2024-11-23 18:56:58,urgent,phone,5,9
131,344,2225,2025-12-15 18:13:00,2025-12-18 22:13:00,normal,chat,,9
132,284,1996,2025-06-06 22:33:39,2025-06-08 03:33:39,high,chat,4,8
133,191,1672,2025-12-02 02:37:20,2025-12-02 12:37:20,high,chat,4,8
134,91,1273,2025-08-01 00:04:14,2025-08-01 09:04:14,urgent,phone,,7
135,101,1319,2025-11-16 04:06:10,2025-11-17 10:06:10,high,email,,6
136,511,2773,2025-09-08 21:46:29,2025-09-09 11:46:29,normal,email,5,7
137,510,,2025-03-15 23:17:40,2025-03-19 02:17:40,normal,phone,3,6
138,101,1316,2025-11-20 04:29:54,2025-11-26 08:29:54,low,email,3,8
139,393,2364,2024-05-24 12:32:58,2024-05-30 08:32:58,normal,email,3,8
140,146,1480,2025-12-03 21:24:10,2025-12-06 13:24:10,low,email,,9
141,572,2989,2024-06-13 19:10:33,2024-06-16 09:10:33,low,chat,,7
142,101,,2024-12-01 20:54:42,2024-12-03 12:54:42,low,email,,9
143,346,2229,2025-11-30 21:28:49,2025-12-01 01:28:49,urgent,email,4,7
144,296,2026,2025-12-06 15:48:08,2025-12-11 19:48:08,normal,email,3,7
145,68,1180,2024-11-26 23:36:29,,normal,email,,7
146,210,1737,2025-06-26 14:13:34,2025-06-27 21:13:34,normal,chat,,6
147,4,1006,2024-09-17 19:07:26,,low,email,,9
148,129,1414,2025-06-29 02:15:47,2025-06-30 06:15:47,low,chat,4,6
149,89,1269,2024-10-25 13:15:27,2024-10-30 19:15:27,low,email,3,9
150,391,2358,2024-11-26 20:09:02,2024-12-01 11:09:02,low,email,3,9
151,223,,2025-04-09 20:09:18,2025-04-11 18:09:18,high,email,,9
152,337,2195,2025-09-22 21:15:48,2025-09-28 09:15:48,low,chat,2,6
153,329,2146,2025-07-22 10:10:24,2025-07-28 07:10:24,normal,email,2,7
154,368,2272,2024-08-12 19:59:29,2024-08-19 11:59:29,low,phone,3,7
155,31,1047,2025-06-18 18:24:45,2025-06-22 12:24:45,low,email,4,9
156,332,2177,2024-10-30 20:32:08,2024-11-05 22:32:08,normal,chat,2,9
157,345,2226,2025-11-08 20:54:33,2025-11-09 12:54:33,normal,email,,7
158,224,1785,2025-12-23 05:43:18,2025-12-23 21:43:18,low,chat,5,8
159,165,1596,2025-04-16 16:06:04,2025-04-21 05:06:04,normal,chat,3,6
160,407,2400,2024-04-05 20:42:27,2024-04-11 15:42:27,normal,chat,2,9
161,77,1218,2025-11-28 06:17:23,2025-11-28 14:17:23,high,email,5,9
162,266,1933,2025-02-23 02:30:21,2025-02-26 03:30:21,normal,chat,4,8
163,73,,2025-11-01 01:37:18,2025-11-01 21:37:18,high,chat,4,9
164,284,1997,2025-12-01 17:47:11,2025-12-07 21:47:11,normal,chat,,6
165,280,1979,2025-09-22 05:06:30,2025-09-23 01:06:30,low,email,4,6
166,73,1209,2025-11-24 01:02:11,2025-11-25 20:02:11,high,email,,6
167,210,1739,2025-08-28 01:16:16,2025-09-02 18:16:16,low,email,3,7
168,93,1280,2024-12-06 18:00:02,2024-12-10 13:00:02,normal,phone,3,6
169,207,1733,2025-07-01 04:00:38,2025-07-01 08:00:38,low,email,4,6
170,27,1043,2025-10-03 04:32:27,2025-10-08 06:32:27,normal,chat,2,6
171,308,2063,2025-11-05 20:04:21,2025-11-07 14:04:21,low,email,4,7
172,162,1565,2025-07-03 03:58:43,2025-07-06 13:58:43,low,chat,4,6
173,280,1984,2025-12-02 10:25:39,2025-12-05 18:25:39,low,email,,7
174,280,1979,2025-09-27 00:58:30,2025-09-29 11:58:30,normal,chat,4,8
175,47,1113,2024-11-20 21:09:01,2024-11-26 02:09:01,normal,phone,2,6
176,514,2793,2025-12-06 18:33:18,2025-12-11 05:33:18,low,email,3,9
177,585,3037,2025-11-20 21:15:45,2025-11-25 08:15:45,low,email,4,6
178,589,3043,2024-09-08 19:13:22,2024-09-12 03:13:22,low,email,,6
179,76,1215,2025-01-27 22:56:07,,low,email,,8
180,38,1087,2024-04-25 14:31:35,2024-04-29 21:31:35,low,chat,4,6
181,444,2520,2025-12-02 20:29:39,2025-12-08 16:29:39,normal,email,3,8
182,112,1356,2025-11-28 03:01:53,2025-11-30 02:01:53,normal,phone,4,7
183,280,1984,2025-11-24 10:02:39,2025-11-27 00:02:39,low,phone,5,7
184,541,2871,2025-05-23 16:46:37,2025-05-29 20:46:37,normal,chat,3,7
185,96,1297,2024-12-12 05:01:46,2024-12-14 18:01:46,low,email,3,6
186,420,,2025-11-30 13:42:51,2025-12-01 00:42:51,low,chat,5,9
187,75,1214,2025-06-12 18:57:50,2025-06-18 02:57:50,normal,chat,2,8
188,155,1535,2025-02-02 22:38:23,2025-02-07 12:38:23,normal,phone,2,7
189,171,1621,2025-12-12 21:32:44,2025-12-13 18:32:44,low,phone,,7
190,324,2107,2024-12-29 19:18:49,2025-01-03 01:18:49,low,chat,3,8
191,181,1639,2024-12-05 00:27:19,2024-12-11 05:27:19,low,phone,,8
192,277,1966,2025-05-29 08:14:18,2025-05-30 19:14:18,high,email,,6
193,409,2417,2025-08-07 05:32:42,2025-08-09 19:32:42,low,phone,4,6
194,505,2759,2024-10-24 22:43:57,2024-10-30 00:43:57,normal,chat,3,6
195,45,1110,2025-07-25 11:13:53,2025-07-26 05:13:53,low,chat,4,7
196,249,1855,2025-08-20 14:41:51,,high,chat,,7
197,451,2547,2024-06-27 13:24:12,2024-07-03 10:24:12,normal,chat,,7
198,162,1567,2025-03-24 23:08:53,2025-03-26 18:08:53,high,email,,6
199,410,2418,2024-05-07 16:24:57,2024-05-08 02:24:57,normal,phone,5,9
200,185,1657,2025-10-14 12:43:58,2025-10-15 05:43:58,normal,chat,5,7
201,406,2396,2025-04-20 21:23:18,2025-04-24 22:23:18,normal,chat,,7
202,139,1461,2025-07-20 20:26:15,2025-07-25 11:26:15,low,chat,4,6
203,256,,2024-08-18 18:14:04,2024-08-24 16:14:04,normal,email,4,8
204,236,1830,2025-10-30 11:45:09,2025-11-01 06:45:09,normal,email,5,8
205,479,2637,2025-11-28 06:58:13,2025-12-03 21:58:13,low,phone,2,8
206,451,,2024-11-19 19:54:17,2024-11-21 18:54:17,high,email,,9
207,280,1980,2025-09-05 11:06:12,2025-09-05 13:06:12,urgent,email,5,6
208,426,2472,2025-06-05 13:46:16,2025-06-09 16:46:16,low,email,4,8
209,108,1337,2024-09-16 13:39:25,2024-09-18 05:39:25,high,email,4,7
210,206,1719,2025-04-06 01:31:20,2025-04-06 10:31:20,high,chat,5,6
211,369,,2025-11-07 15:07:45,2025-11-13 19:07:45,normal,email,2,9
212,243,1843,2025-02-06 01:56:47,2025-02-08 12:56:47,normal,chat,4,6
213,356,,2025-11-12 22:17:34,2025-11-14 21:17:34,normal,email,4,7
214,207,1727,2025-12-17 04:32:18,2025-12-18 14:32:18,high,email,5,7
215,290,2006,2024-12-26 09:53:38,2024-12-26 20:53:38,urgent,chat,4,8
216,189,1667,2025-12-06 15:13:03,2025-12-11 11:13:03,low,email,2,9
217,83,1239,2024-07-20 15:34:08,2024-07-22 15:34:08,low,chat,4,6
218,312,2067,2025-09-16 21:51:58,2025-09-22 02:51:58,low,email,2,8
219,92,1278,2025-07-22 05:21:10,2025-07-23 15:21:10,normal,phone,4,9
220,71,1194,2024-05-09 00:40:13,2024-05-15 13:40:13,low,email,,7
221,458,,2024-04-12 04:51:02,2024-04-13 12:51:02,normal,email,4,8
222,386,,2025-09-05 22:12:02,2025-09-06 19:12:02,low,email,5,6
223,36,1081,2025-09-03 16:06:10,2025-09-09 14:06:10,normal,chat,3,8
224,166,1610,2025-12-06 02:48:48,,low,phone,,6
225,386,,2025-09-22 22:40:18,2025-09-28 10:40:18,normal,email,,8
226,249,1858,2025-09-10 11:08:30,2025-09-16 11:08:30,low,chat,3,8
227,61,1144,2025-11-08 16:50:06,2025-11-10 05:50:06,low,email,5,7
228,262,1907,2025-04-11 23:41:39,2025-04-14 08:41:39,normal,chat,,8
229,526,2821,2025-09-08 16:38:20,2025-09-09 05:38:20,normal,email,5,9
230,269,1943,2024-10-22 14:33:11,2024-10-23 07:33:11,normal,email,,6
231,33,1060,2024-08-02 21:58:53,2024-08-05 13:58:53,low,phone,4,9
232,344,,2025-10-22 01:44:15,2025-10-22 11:44:15,urgent,email,,9
233,331,2154,2024-12-03 16:47:40,2024-12-09 00:47:40,normal,chat,,6
234,367,2269,2025-08-09 20:05:06,2025-08-10 10:05:06,high,phone,5,7
235,104,1324,2025-12-25 23:36:05,2025-12-26 13:36:05,high,email,4,6
236,407,2401,2025-02-24 22:49:18,2025-03-02 09:49:18,low,email,,6
237,550,2917,2024-05-06 19:13:37,,low,email,,7
238,453,2562,2024-06-09 16:45:28,2024-06-10 21:45:28,high,email,5,7
239,530,2827,2025-03-26 22:50:53,2025-03-27 09:50:53,normal,chat,,6
240,383,2314,2025-03-22 04:46:56,2025-03-26 09:46:56,low,phone,3,6
241,417,2445,2024-09-09 14:22:38,2024-09-09 17:22:38,urgent,chat,,8
242,511,2771,2025-12-22 16:33:14,2025-12-23 11:33:14,normal,email,5,8
243,161,1557,2024-02-15 17:03:48,2024-02-16 14:03:48,normal,email,5,8
244,409,,2025-08-13 02:42:42,2025-08-18 10:42:42,normal,email,2,8
245,555,2929,2025-11-23 02:28:17,2025-11-28 14:28:17,low,email,,7
246,362,2260,2024-11-30 15:02:58,,normal,chat,,7
247,309,2064,2025-07-07 16:39:17,2025-07-10 18:39:17,low,email,3,7
248,377,2300,2025-01-20 16:32:49,2025-01-26 03:32:49,normal,email,3,6
249,152,,2025-10-14 04:38:40,2025-10-14 08:38:40,high,email,5,6
250,383,2314,2025-04-01 01:03:56,2025-04-03 07:03:56,low,email,,8
251,140,1466,2024-01-10 16:34:06,2024-01-11 00:34:06,low,phone,4,6
252,458,2575,2024-03-08 22:38:42,2024-03-09 06:38:42,normal,phone,5,8
253,499,2725,2025-11-13 08:28:21,2025-11-14 05:28:21,high,email,4,6
254,462,2587,2025-12-24 09:15:54,2025-12-25 19:15:54,low,chat,,9
255,305,2049,2025-01-30 04:57:00,2025-02-05 18:57:00,normal,email,3,9
256,204,1699,2024-10-25 03:32:58,2024-10-29 06:32:58,normal,email,4,8
257,421,2466,2025-09-14 18:42:48,2025-09-18 00:42:48,normal,email,4,9
258,136,,2024-04-13 05:24:28,,high,email,,8
259,93,1281,2024-10-27 14:52:09,2024-10-31 09:52:09,low,phone,4,6
260,234,1828,2025-06-26 01:25:20,2025-06-26 17:25:20,high,chat,5,8
261,290,2004,2024-11-14 23:08:21,2024-11-15 04:08:21,low,email,5,8
262,94,1288,2025-08-31 20:51:54,2025-09-05 08:51:54,normal,email,,7
263,467,2608,2024-03-12 20:28:12,,low,email,,9
264,400,2380,2025-04-18 00:44:57,2025-04-24 04:44:57,low,chat,2,6
265,364,2262,2025-11-14 03:30:30,2025-11-17 00:30:30,low,email,3,6
266,408,,2025-01-21 19:22:56,2025-01-26 08:22:56,low,chat,2,8
267,121,1388,2025-12-02 03:44:17,2025-12-07 23:44:17,low,chat,3,6
268,417,2433,2025-11-22 22:33:07,2025-11-28 19:33:07,normal,email,,7
269,429,2478,2024-08-10 22:30:50,2024-08-12 20:30:50,high,email,3,8
270,280,1979,2025-09-13 04:24:30,2025-09-15 07:24:30,normal,email,5,9
271,105,1327,2025-03-04 12:36:05,2025-03-05 05:36:05,low,chat,,7
272,449,2544,2024-04-30 19:59:09,2024-05-03 23:59:09,low,email,3,6
273,224,1791,2025-12-21 23:48:01,2025-12-26 07:48:01,normal,chat,3,8
274,562,2952,2025-10-30 22:40:52,2025-11-04 00:40:52,normal,chat,3,8
275,109,1339,2025-06-18 12:00:14,2025-06-20 16:00:14,low,phone,,6
276,211,1742,2025-08-09 17:45:05,2025-08-12 09:45:05,low,email,4,6
277,75,1214,2025-06-14 01:39:50,2025-06-19 05:39:50,normal,phone,3,6
278,119,1377,2025-12-14 11:04:35,2025-12-19 14:04:35,low,chat,4,9
279,407,2404,2024-01-18 22:35:14,2024-01-22 12:35:14,low,email,5,6
280,237,1831,2025-04-16 06:33:20,2025-04-22 18:33:20,normal,chat,2,8
281,148,1498,2025-11-30 01:11:48,2025-11-30 11:11:48,normal,chat,,7
282,500,2734,2024-11-25 20:21:49,2024-11-28 10:21:49,normal,email,,6
283,511,2774,2025-01-20 05:16:25,2025-01-26 07:16:25,low,chat,2,7
284,101,1310,2024-09-27 02:54:57,2024-09-27 18:54:57,normal,chat,5,6
285,224,1785,2025-12-22 05:51:18,,high,phone,,9
286,134,,2024-12-26 23:37:15,2024-12-31 19:37:15,normal,email,,6
287,80,1228,2024-04-25 20:55:41,2024-04-28 10:55:41,low,email,3,9
288,407,2407,2025-02-10 11:57:04,2025-02-11 12:57:04,low,email,4,7
289,185,1651,2025-10-05 13:49:00,2025-10-11 17:49:00,normal,email,3,9
290,198,1684,2025-11-02 02:04:22,2025-11-07 17:04:22,normal,chat,3,7
291,590,3045,2025-08-29 01:18:28,,low,email,,6
292,451,,2024-04-16 08:28:24,2024-04-17 14:28:24,low,chat,,6
293,111,1351,2025-04-16 01:53:04,2025-04-17 02:53:04,high,email,4,7
294,411,2424,2025-08-28 00:12:44,2025-08-29 12:12:44,normal,email,5,6
295,433,2487,2025-10-21 22:14:15,2025-10-27 04:14:15,low,chat,3,7
296,119,1375,2025-01-06 14:53:58,2025-01-11 08:53:58,normal,email,3,8
297,410,2421,2024-04-18 14:41:21,2024-04-23 11:41:21,low,chat,,6
298,359,2250,2024-09-27 05:58:22,2024-10-01 03:58:22,normal,phone,,6
299,505,2759,2024-10-22 19:18:57,2024-10-28 18:18:57,normal,email,3,7
300,151,1523,2025-09-25 00:27:59,,normal,chat,,7
301,18,1030,2025-08-01 18:14:52,2025-08-02 02:14:52,urgent,phone,,6
302,329,2150,2025-08-03 03:09:51,2025-08-03 12:09:51,urgent,chat,,7
303,568,2965,2024-09-04 17:30:15,2024-09-06 08:30:15,high,email,4,9
304,2,1001,2025-10-18 21:32:04,2025-10-24 10:32:04,low,email,,8
305,581,3017,2024-10-11 02:00:04,2024-10-16 13:00:04,low,email,3,9
306,295,2019,2025-09-04 03:07:13,2025-09-08 23:07:13,low,chat,2,9
307,459,2577,2025-04-08 00:05:37,2025-04-08 05:05:37,high,chat,5,9
308,228,1805,2024-12-03 22:01:56,2024-12-09 17:01:56,low,email,,6
309,490,2691,2024-08-17 17:47:18,2024-08-19 10:47:18,normal,email,4,6
310,464,2597,2025-09-16 02:36:16,2025-09-21 04:36:16,normal,chat,3,9
311,148,1496,2025-11-20 12:25:52,2025-11-23 00:25:52,normal,email,,7
312,312,2071,2024-11-12 05:32:14,2024-11-12 16:32:14,low,phone,,6
313,575,2998,2025-08-23 01:08:24,2025-08-24 15:08:24,normal,chat,,7
314,101,1316,2025-11-18 23:57:54,2025-11-25 04:57:54,normal,email,3,7
315,112,,2025-12-07 03:05:30,2025-12-11 17:05:30,low,email,,9
316,22,1034,2025-12-21 22:58:15,2025-12-27 16:58:15,low,email,,6
317,216,1766,2025-09-22 09:01:07,2025-09-23 14:01:07,normal,chat,4,8
318,216,1765,2025-11-14 07:04:16,2025-11-18 16:04:16,normal,phone,4,6
319,526,,2025-12-06 14:56:23,2025-12-08 01:56:23,low,phone,4,6
320,559,2940,2025-08-22 11:53:33,2025-08-22 23:53:33,low,email,4,9
321,71,1198,2024-04-29 02:21:29,2024-05-01 00:21:29,low,chat,5,7
322,32,1051,2025-12-09 02:39:17,2025-12-13 15:39:17,normal,email,4,6
323,295,2024,2024-10-07 14:55:18,2024-10-09 16:55:18,normal,email,3,9
324,554,2926,2025-09-07 17:13:24,2025-09-13 23:13:24,normal,chat,,7
325,481,,2025-11-30 23:14:55,2025-12-01 10:14:55,high,chat,4,8
326,534,2838,2025-03-29 20:40:28,2025-04-04 02:40:28,normal,chat,4,7
327,152,1526,2025-10-03 02:39:40,2025-10-09 13:39:40,low,chat,,7
328,445,2535,2025-08-16 16:36:23,2025-08-19 10:36:23,low,email,4,9
329,407,2410,2025-04-28 20:09:39,2025-04-28 21:09:39,urgent,email,5,6
330,49,1115,2025-03-18 18:41:53,2025-03-18 22:41:53,urgent,email,,9
331,350,2233,2025-11-07 05:24:24,2025-11-10 17:24:24,normal,chat,3,7
332,417,,2024-07-18 19:27:30,2024-07-19 20:27:30,normal,email,5,8
333,595,3052,2025-10-16 05:00:34,2025-10-21 14:00:34,normal,phone,3,9
334,590,3046,2025-04-29 23:40:16,2025-05-04 14:40:16,normal,chat,3,6
335,106,1330,2025-02-06 16:45:28,2025-02-11 06:45:28,low,chat,,7
336,71,1199,2024-06-04 12:01:35,2024-06-04 18:01:35,low,chat,4,6
337,243,1846,2024-12-22 17:07:37,2024-12-27 22:07:37,low,chat,3,8
338,95,1294,2025-06-18 18:10:30,2025-06-20 00:10:30,low,email,4,7
339,306,2056,2024-06-29 22:14:53,2024-07-01 08:14:53,low,chat,4,9
340,489,2684,2025-07-13 16:07:05,2025-07-18 10:07:05,low,chat,4,7
341,112,1355,2025-04-07 04:28:28,2025-04-11 22:28:28,low,chat,4,8
342,295,2024,2024-10-06 11:58:18,2024-10-08 17:58:18,low,email,4,9
343,263,1908,2025-08-12 22:21:34,2025-08-15 16:21:34,normal,email,4,6
344,168,1614,2024-11-25 13:30:50,2024-11-28 02:30:50,normal,email,4,7
345,254,1870,2025-05-27 06:46:49,2025-05-27 18:46:49,normal,email,5,9
346,572,2988,2024-03-30 21:04:56,2024-03-30 23:04:56,urgent,chat,,8
347,447,,2025-11-10 02:25:42,2025-11-10 11:25:42,urgent,email,5,9
348,156,1543,2025-11-09 20:15:30,2025-11-10 10:15:30,high,email,5,6
349,488,2670,2024-03-08 18:44:29,2024-03-09 19:44:29,normal,chat,,9
350,139,1461,2025-07-13 17:29:15,2025-07-15 12:29:15,normal,email,4,8
351,148,1497,2025-09-27 06:49:07,2025-09-28 06:49:07,normal,phone,4,7
352,334,2183,2025-05-11 21:25:16,2025-05-12 03:25:16,urgent,email,5,8
353,409,2415,2025-11-21 14:11:56,2025-11-21 17:11:56,urgent,email,5,8
354,435,2489,2025-12-24 22:26:46,2025-12-26 05:26:46,normal,chat,,9
355,534,2848,2025-02-08 21:19:10,2025-02-09 16:19:10,normal,phone,5,7
356,517,,2024-03-19 17:18:54,2024-03-19 22:18:54,normal,chat,5,9
357,163,1582,2025-12-15 22:52:30,2025-12-16 19:52:30,low,email,4,8
358,435,2494,2024-11-26 14:01:44,,low,chat,,7
359,322,2103,2025-11-06 14:28:23,2025-11-12 16:28:23,low,chat,2,6
360,494,2704,2025-11-25 18:08:35,2025-12-02 08:08:35,low,email,2,7
361,492,2694,2024-03-28 14:19:58,2024-03-29 09:19:58,normal,chat,4,8
362,11,,2024-12-05 09:16:27,2024-12-09 12:16:27,low,email,4,7
363,119,1376,2025-11-29 14:50:42,2025-12-02 15:50:42,normal,phone,3,6
364,582,,2025-06-24 20:12:56,2025-07-01 10:12:56,low,email,2,8
365,313,,2025-03-16 05:07:45,2025-03-17 17:07:45,high,chat,,9
366,89,1268,2024-05-25 00:03:35,2024-05-27 14:03:35,low,chat,,7
367,204,1697,2024-06-23 19:04:33,2024-06-23 23:04:33,high,chat,5,8
368,148,1497,2025-09-30 05:31:07,2025-10-06 02:31:07,low,email,2,6
369,295,2024,2024-10-16 16:16:18,2024-10-20 18:16:18,normal,email,,9
370,357,2247,2024-03-21 23:23:11,2024-03-27 21:23:11,normal,chat,2,8
371,204,1698,2024-05-31 19:37:27,2024-06-03 02:37:27,low,email,5,7
372,290,2001,2024-12-02 00:48:07,2024-12-04 06:48:07,normal,email,5,6
373,266,1929,2025-02-15 23:46:47,2025-02-22 13:46:47,low,chat,3,9
374,568,2967,2024-07-14 12:21:07,2024-07-14 20:21:07,low,chat,4,8
375,332,2178,2025-01-15 20:36:17,2025-01-16 16:36:17,low,email,5,6
376,133,1435,2025-07-10 19:44:29,,low,email,,6
377,151,1517,2025-11-18 00:45:58,2025-11-21 10:45:58,normal,email,4,8
378,453,2563,2024-05-28 15:18:04,2024-06-01 13:18:04,normal,chat,4,9
379,251,1865,2025-09-06 16:21:22,2025-09-09 14:21:22,normal,email,3,7
380,318,2085,2024-08-01 23:46:02,2024-08-05 23:46:02,low,email,,9
381,177,1628,2024-06-22 16:33:13,,low,email,,6
382,62,1155,2025-12-30 08:46:48,2025-12-31 00:46:48,high,phone,4,9
383,549,2911,2025-07-23 23:12:48,2025-07-27 13:12:48,low,chat,3,9
384,243,,2025-01-07 14:59:13,2025-01-11 20:59:13,normal,phone,4,6
385,489,2674,2025-08-28 13:00:01,2025-09-03 07:00:01,low,email,3,9
386,96,1295,2025-11-24 13:43:27,2025-11-25 21:43:27,normal,email,4,6
387,275,1955,2025-07-01 10:39:01,2025-07-05 21:39:01,normal,email,3,9
388,472,2619,2025-11-25 06:14:31,2025-11-25 20:14:31,low,chat,5,9
389,155,1537,2024-09-21 23:54:41,2024-09-27 04:54:41,low,phone,3,9
390,579,3006,2025-10-12 22:20:53,2025-10-16 11:20:53,normal,phone,,7
391,33,1052,2025-12-02 20:23:11,2025-12-06 16:23:11,normal,email,3,8
392,462,2586,2025-07-26 17:35:19,2025-08-01 22:35:19,low,email,2,8
393,553,2924,2024-09-07 10:07:31,2024-09-07 16:07:31,high,chat,,8
394,298,2028,2025-12-10 20:59:41,2025-12-11 23:59:41,low,phone,4,7
395,269,1943,2024-10-08 19:03:11,2024-10-08 20:03:11,urgent,email,5,6
396,210,1739,2025-08-25 22:51:16,2025-08-26 02:51:16,high,chat,4,7
397,121,1389,2025-12-19 15:13:05,2025-12-21 05:13:05,low,email,,8
398,177,1628,2024-06-27 18:40:13,2024-07-04 01:40:13,normal,chat,,9
399,240,1839,2025-11-21 13:27:39,2025-11-27 13:27:39,normal,email,3,9
400,568,2969,2024-07-07 13:08:35,2024-07-13 05:08:35,normal,email,3,8
401,582,3022,2025-07-06 17:27:48,2025-07-12 13:27:48,normal,email,,8
402,337,2196,2025-03-16 22:18:57,2025-03-18 12:18:57,high,email,4,7
403,502,2755,2025-05-02 22:45:06,2025-05-08 21:45:06,low,email,3,7
404,438,2506,2025-03-29 23:27:47,2025-04-04 16:27:47,normal,chat,3,8
405,194,,2024-12-28 22:41:51,2025-01-03 13:41:51,normal,email,2,6
406,152,1527,2025-12-07 17:49:36,2025-12-10 14:49:36,normal,email,,6
407,327,2134,2024-11-18 16:59:08,2024-11-21 22:59:08,normal,email,3,8
408,207,1731,2025-07-20 01:59:47,2025-07-20 13:59:47,normal,chat,5,8
409,505,,2024-05-16 18:18:10,2024-05-21 19:18:10,low,chat,3,8
410,165,1598,2025-04-05 01:00:44,2025-04-07 19:00:44,low,phone,4,9
411,324,2106,2025-11-26 22:27:49,2025-11-29 01:27:49,low,chat,,6
412,129,,2025-06-13 15:55:54,2025-06-14 21:55:54,high,email,5,6
413,514,2802,2025-11-13 04:41:34,2025-11-17 03:41:34,low,phone,,8
414,71,1195,2024-03-16 06:53:59,2024-03-21 17:53:59,normal,chat,4,9
415,152,1532,2025-11-16 00:13:55,2025-11-19 15:13:55,low,phone,3,8
416,81,,2024-08-25 00:59:33,2024-08-26 13:59:33,high,chat,,7
417,385,2330,2025-12-20 23:59:13,,low,email,,6
418,531,2833,2025-12-29 12:58:53,,normal,email,3,7
419,54,,2025-06-19 21:30:09,2025-06-22 02:30:09,low,email,,8
420,489,2674,2025-09-02 16:02:01,2025-09-04 08:02:01,high,email,5,7
421,129,1422,2025-05-19 20:44:43,2025-05-25 12:44:43,normal,phone,3,8
422,526,2821,2025-09-17 18:52:20,2025-09-21 18:52:20,normal,chat,4,7
423,375,2297,2025-04-02 17:43:13,2025-04-04 14:43:13,high,email,4,8
424,498,2715,2024-05-12 19:43:30,2024-05-14 19:43:30,low,email,5,7
425,261,1904,2025-03-01 21:53:50,,low,email,,9
426,398,2378,2025-07-15 12:27:03,2025-07-17 01:27:03,high,chat,,6
427,541,2864,2025-10-02 17:58:38,2025-10-07 07:58:38,normal,chat,3,9
428,33,1062,2024-12-18 00:42:26,,low,email,,9
429,437,,2025-12-09 05:00:37,2025-12-09 06:00:37,urgent,chat,5,9
430,538,2856,2025-08-23 17:29:20,2025-08-23 21:29:20,urgent,chat,,7
431,322,,2025-11-07 09:09:23,2025-11-11 04:09:23,normal,chat,3,8
432,284,1995,2025-10-08 00:57:43,2025-10-11 04:57:43,low,chat,3,6
433,555,,2025-11-23 15:04:51,2025-11-29 05:04:51,normal,email,,9
434,205,1712,2025-12-18 22:41:39,2025-12-25 04:41:39,low,chat,2,8
435,47,1114,2024-05-27 17:38:52,2024-05-29 00:38:52,low,chat,,8
436,521,,2025-05-17 00:55:12,2025-05-17 07:55:12,low,chat,5,8
437,568,2970,2024-09-24 21:45:36,2024-09-25 20:45:36,high,phone,,6
438,585,3038,2025-04-16 20:15:14,2025-04-20 16:15:14,low,chat,4,7
439,161,,2024-03-03 20:01:32,2024-03-07 15:01:32,low,phone,4,9
440,106,1329,2025-01-17 21:39:41,2025-01-20 23:39:41,low,phone,4,6
441,417,,2025-01-13 23:04:01,2025-01-14 11:04:01,high,chat,4,6
442,435,,2025-12-24 15:53:46,2025-12-24 20:53:46,normal,email,5,7
443,84,,2024-09-30 13:41:57,2024-10-03 11:41:57,normal,email,,8
444,140,,2025-03-19 17:13:31,2025-03-26 03:13:31,low,chat,3,7
445,38,1087,2024-04-25 12:28:35,2024-04-27 06:28:35,high,chat,4,7
446,266,1935,2025-03-02 13:24:42,,normal,email,,9
447,110,1348,2024-09-30 23:10:55,2024-10-06 15:10:55,normal,phone,,7
448,282,1987,2025-10-07 00:01:35,2025-10-11 04:01:35,normal,email,3,8
449,132,1429,2024-04-28 17:21:55,2024-04-29 19:21:55,normal,email,4,6
450,313,2077,2025-07-09 19:44:29,2025-07-14 03:44:29,low,email,,7
451,269,,2024-11-08 09:08:35,2024-11-08 21:08:35,urgent,email,,9
452,381,2308,2025-05-06 00:30:53,2025-05-08 07:30:53,normal,chat,,9
453,54,1135,2025-10-16 17:55:45,2025-10-20 11:55:45,normal,chat,3,7
454,36,1076,2025-07-15 03:38:43,2025-07-21 00:38:43,normal,email,2,8
455,326,,2025-03-29 03:46:15,2025-03-29 23:46:15,normal,phone,5,7
456,256,1885,2024-12-03 23:34:58,2024-12-05 00:34:58,normal,chat,5,6
457,439,2510,2024-12-10 03:55:46,2024-12-15 22:55:46,normal,chat,3,8
458,266,1935,2025-02-17 20:45:42,2025-02-24 02:45:42,normal,phone,3,8
459,335,2189,2024-12-02 16:35:21,2024-12-06 02:35:21,low,email,3,6
460,1,1000,2025-11-18 03:31:39,2025-11-18 15:31:39,low,email,,7
461,501,2742,2025-09-28 14:46:25,2025-09-29 04:46:25,high,email,5,6
462,33,1060,2024-07-29 00:03:53,2024-07-29 21:03:53,high,chat,5,8
463,33,1058,2025-11-29 17:19:36,2025-11-30 18:19:36,normal,chat,4,9
464,18,1028,2025-07-20 22:48:34,2025-07-23 11:48:34,normal,chat,3,7
465,243,1842,2025-01-09 22:38:13,2025-01-12 01:38:13,normal,email,4,9
466,490,,2024-08-11 23:45:21,2024-08-16 03:45:21,normal,email,,7
467,320,2096,2025-09-28 15:41:23,2025-09-30 18:41:23,low,email,,8
468,335,2184,2024-10-13 13:18:07,2024-10-14 13:18:07,low,email,,9
469,339,2213,2025-03-11 03:32:03,2025-03-16 07:32:03,normal,email,,8
470,361,2253,2024-11-23 23:53:48,2024-11-25 15:53:48,normal,email,3,9
471,128,1411,2025-10-25 06:38:51,2025-10-29 11:38:51,low,chat,3,8
472,555,2927,2025-11-14 09:57:51,2025-11-16 20:57:51,normal,phone,4,6
473,256,1891,2024-10-22 07:37:03,2024-10-22 12:37:03,urgent,chat,,9
474,36,1082,2025-05-07 05:16:00,2025-05-09 02:16:00,low,email,5,8
475,204,1697,2024-06-30 18:39:33,2024-07-01 00:39:33,high,phone,5,9
476,524,2816,2025-11-20 21:48:30,2025-11-27 08:48:30,normal,email,2,7
477,127,1410,2024-09-03 01:53:45,2024-09-08 03:53:45,low,email,2,8
478,332,2173,2024-11-17 19:36:11,2024-11-18 06:36:11,high,chat,,6
479,445,2531,2025-11-18 20:41:18,2025-11-22 14:41:18,normal,phone,3,8
480,166,1602,2025-12-08 23:26:13,2025-12-12 23:26:13,normal,email,3,9
481,331,2157,2025-11-03 05:41:10,2025-11-06 19:41:10,normal,chat,4,8
482,19,1031,2024-12-07 22:23:07,2024-12-09 00:23:07,high,email,5,6
483,439,2507,2025-10-26 10:19:25,2025-10-31 01:19:25,normal,email,,8
484,224,1789,2025-12-25 22:33:48,2025-12-26 08:33:48,normal,email,5,6
485,162,1562,2025-10-25 17:01:14,2025-10-30 23:01:14,low,chat,3,9
486,27,1042,2025-11-02 14:31:36,2025-11-03 15:31:36,high,chat,4,7
487,451,,2025-01-11 02:33:07,2025-01-11 18:33:07,low,email,4,6
488,166,1599,2025-11-13 13:55:53,2025-11-17 23:55:53,normal,email,4,6
489,301,,2025-03-05 18:05:55,2025-03-09 23:05:55,low,chat,3,7
490,81,,2025-12-11 01:19:06,,low,chat,,8
491,163,1580,2025-12-18 04:12:59,2025-12-22 08:12:59,normal,chat,,9
492,407,2401,2025-02-27 22:20:18,2025-02-28 02:20:18,high,chat,5,6
493,212,1744,2025-09-07 08:21:47,2025-09-07 15:21:47,low,chat,,7
494,290,,2024-12-10 09:02:03,2024-12-15 08:02:03,low,email,3,7
495,510,2770,2025-11-14 07:40:03,2025-11-15 12:40:03,high,email,5,6
496,183,1649,2025-12-02 17:12:25,2025-12-05 12:12:25,low,chat,,9
497,501,2739,2025-10-22 22:00:24,2025-10-24 11:00:24,low,chat,,7
498,255,1879,2025-12-20 11:03:42,2025-12-21 02:03:42,high,email,4,6
499,162,1569,2025-04-20 19:29:41,2025-04-26 13:29:41,low,chat,2,6
500,36,1075,2025-04-20 05:58:04,2025-04-26 15:58:04,low,chat,3,8
501,272,1950,2025-02-17 00:27:29,,normal,chat,,6
502,152,1533,2025-08-24 16:50:46,,normal,phone,,6
503,501,2738,2025-11-09 22:54:36,2025-11-14 03:54:36,low,chat,3,9
504,332,2176,2025-01-19 16:16:56,2025-01-21 17:16:56,low,chat,,7
505,331,2161,2025-08-04 16:55:21,2025-08-04 21:55:21,urgent,chat,4,8
506,148,1495,2025-05-14 03:45:32,2025-05-17 00:45:32,low,email,3,8
507,517,2804,2024-04-14 19:21:15,,high,email,,8
508,136,1449,2025-07-29 17:33:15,2025-07-30 10:33:15,high,email,5,8
509,136,1449,2025-08-03 23:22:15,2025-08-05 02:22:15,normal,phone,5,9
510,204,1710,2025-01-26 08:56:53,2025-01-30 00:56:53,normal,chat,3,9
511,500,2733,2025-08-27 21:19:33,2025-09-02 17:19:33,low,chat,2,7
512,215,1755,2025-01-22 18:12:52,2025-01-25 09:12:52,normal,email,4,9
513,86,1258,2025-10-23 16:41:16,2025-10-24 08:41:16,normal,email,4,8
514,321,2098,2024-09-13 21:33:28,2024-09-17 06:33:28,low,phone,3,8
515,547,2900,2025-10-22 22:28:05,2025-10-26 13:28:05,low,email,,6
516,499,2726,2025-08-31 01:53:56,2025-09-05 08:53:56,normal,email,,9
517,52,1124,2025-07-28 15:27:34,2025-07-31 05:27:34,low,email,4,7
518,22,1033,2025-12-08 00:38:58,2025-12-12 00:38:58,low,email,,8
519,547,2902,2025-08-09 13:05:18,2025-08-10 00:05:18,normal,phone,,8
520,129,1421,2025-07-23 01:38:44,2025-07-27 20:38:44,low,email,,7
521,264,1918,2025-03-30 16:33:44,2025-04-06 07:33:44,normal,email,,8
522,256,,2024-12-13 08:17:58,2024-12-16 06:17:58,low,email,4,8
523,377,2301,2024-11-06 02:14:35,2024-11-12 01:14:35,low,email,3,7
524,378,,2025-11-26 17:52:43,2025-11-29 05:52:43,low,chat,4,9
525,277,1970,2025-10-23 20:13:06,2025-10-29 09:13:06,normal,email,3,7
526,324,2116,2025-10-31 15:23:35,2025-11-04 03:23:35,normal,phone,,6
527,407,2410,2025-04-17 20:45:39,2025-04-21 07:45:39,low,email,3,8
528,68,,2024-11-03 03:01:06,2024-11-04 10:01:06,high,chat,5,7
529,424,2470,2025-12-10 18:58:16,2025-12-17 01:58:16,low,phone,,8
530,83,1246,2025-02-08 22:20:04,2025-02-11 13:20:04,normal,chat,4,7
531,206,1716,2025-01-27 22:00:10,2025-01-30 19:00:10,low,email,4,8
532,129,,2025-11-23 14:55:10,2025-11-23 18:55:10,high,chat,5,7
533,319,2093,2025-08-30 14:20:41,2025-09-02 00:20:41,low,email,3,8
534,386,,2025-11-27 14:27:03,2025-11-28 08:27:03,high,email,5,8
535,547,2899,2025-09-23 03:17:32,2025-09-26 21:17:32,low,phone,,6
536,62,,2025-12-04 17:56:18,2025-12-05 01:56:18,urgent,email,5,7
537,112,,2025-09-12 16:15:26,2025-09-18 14:15:26,low,chat,,7
538,284,1996,2025-05-29 18:44:39,2025-06-02 19:44:39,normal,email,4,8
539,388,2345,2025-12-10 17:11:23,2025-12-16 12:11:23,low,email,3,9
540,345,,2025-09-26 15:56:02,2025-09-26 23:56:02,normal,chat,,8
541,77,1219,2024-09-24 18:02:57,2024-09-29 14:02:57,low,email,3,6
542,511,,2025-06-19 21:30:47,2025-06-23 14:30:47,normal,chat,4,7
543,341,2216,2025-11-03 15:27:51,2025-11-04 15:27:51,normal,email,4,6
544,475,2622,2025-12-22 18:00:15,2025-12-23 12:00:15,normal,email,5,7
545,321,2099,2025-12-19 19:43:48,2025-12-21 04:43:48,low,email,4,7
546,2,1004,2025-10-22 00:20:49,2025-10-22 10:20:49,normal,email,5,8
547,148,1494,2025-10-18 00:37:01,2025-10-20 22:37:01,normal,phone,4,6
548,16,1025,2025-09-08 14:22:27,2025-09-11 08:22:27,normal,phone,,7
549,295,2020,2024-08-26 13:49:31,2024-08-28 12:49:31,normal,phone,,6
550,353,2236,2025-09-16 13:42:17,2025-09-19 15:42:17,low,phone,3,6
551,439,2512,2024-12-08 20:58:54,2024-12-09 18:58:54,high,email,4,7
552,81,,2024-08-12 21:31:33,2024-08-18 18:31:33,normal,chat,,6
553,408,2411,2025-01-06 10:55:56,2025-01-09 06:55:56,normal,phone,,7
554,332,2179,2024-10-17 20:09:56,2024-10-19 05:09:56,normal,phone,4,8
555,4,1006,2024-09-18 18:27:26,2024-09-19 01:27:26,high,chat,,9
556,486,2662,2025-06-11 01:50:22,,low,email,,6
557,555,2930,2025-11-21 22:51:05,2025-11-23 16:51:05,high,phone,4,6
558,346,2230,2024-04-07 01:43:54,2024-04-07 17:43:54,normal,chat,,7
559,278,1972,2024-05-14 14:08:14,2024-05-20 12:08:14,normal,chat,2,7
560,375,,2025-04-17 14:57:54,2025-04-23 07:57:54,low,email,3,6
561,206,1714,2024-09-11 15:07:32,2024-09-13 23:07:32,low,email,5,9
562,223,1784,2025-04-13 17:56:18,2025-04-18 11:56:18,normal,chat,2,8
563,458,2574,2024-01-11 18:33:38,2024-01-12 13:33:38,normal,chat,5,6
564,124,1402,2024-07-25 22:37:18,2024-08-01 11:37:18,normal,chat,2,8
565,264,,2025-10-06 19:28:11,,low,chat,,6
566,37,1086,2024-12-10 14:07:55,2024-12-14 13:07:55,normal,chat,3,9
567,1,1000,2025-11-08 21:52:39,2025-11-14 15:52:39,normal,email,2,7
568,283,1991,2025-12-11 17:31:36,2025-12-15 11:31:36,low,email,4,7
569,269,1941,2025-02-08 00:37:30,2025-02-08 09:37:30,normal,email,5,6
570,124,1397,2025-07-26 00:10:14,,normal,email,,7
571,168,,2024-11-21 00:28:00,2024-11-23 14:28:00,normal,chat,,7
572,266,1925,2025-11-26 04:09:28,2025-11-27 18:09:28,low,email,4,8
573,331,2160,2025-08-31 19:41:35,2025-09-04 06:41:35,low,email,,7
574,506,2763,2024-07-10 20:06:01,2024-07-13 20:06:01,low,phone,5,7
575,498,2715,2024-05-05 18:43:30,2024-05-06 17:43:30,normal,chat,4,8
576,385,2323,2025-03-07 21:29:34,2025-03-14 08:29:34,low,email,,6
577,593,3050,2025-10-09 03:13:23,2025-10-13 21:13:23,low,email,3,8
578,480,2639,2025-01-26 12:59:47,2025-01-27 10:59:47,low,chat,5,7
579,243,1844,2025-01-20 02:37:30,2025-01-24 20:37:30,low,chat,,7
580,555,2933,2025-12-03 12:12:44,2025-12-06 20:12:44,normal,chat,3,8
581,207,1728,2025-11-27 22:02:34,2025-12-02 13:02:34,normal,email,3,8
582,191,,2025-11-20 04:20:39,2025-11-22 00:20:39,normal,phone,4,6
583,71,1194,2024-05-01 18:21:13,,low,email,,6
584,185,1653,2025-05-13 21:41:39,2025-05-19 02:41:39,low,chat,2,8
585,445,,2025-08-31 14:05:23,2025-09-01 02:05:23,low,email,4,6
586,333,2181,2024-11-20 18:01:02,2024-11-24 14:01:02,low,email,4,8
587,132,1433,2024-12-14 06:02:03,2024-12-14 12:02:03,normal,phone,,7
588,381,2308,2025-04-25 05:51:53,2025-04-27 02:51:53,high,email,4,8
589,439,2512,2024-12-09 02:50:54,2024-12-14 15:50:54,low,email,,6
590,430,,2025-12-01 15:55:33,2025-12-03 15:55:33,normal,email,,8
591,492,2694,2024-04-07 18:32:58,,normal,email,,9
592,110,1342,2025-11-11 02:14:38,2025-11-12 20:14:38,high,email,4,6
593,345,2228,2025-10-06 15:28:02,2025-10-07 15:28:02,normal,phone,,6
594,483,2656,2025-10-02 14:31:22,2025-10-05 19:31:22,low,email,,9
595,523,2813,2025-10-28 21:31:13,2025-10-29 05:31:13,high,email,,6
596,313,2079,2024-09-01 13:03:40,2024-09-07 03:03:40,low,chat,,8
597,295,2018,2025-11-25 01:25:01,2025-11-25 03:25:01,high,email,4,6
598,497,,2025-10-04 16:24:18,,normal,chat,,8
599,437,,2025-11-16 00:09:16,2025-11-18 00:09:16,low,phone,3,6
600,514,,2025-11-20 12:31:35,2025-11-21 05:31:35,low,chat,5,7
601,274,1954,2025-12-14 07:00:56,2025-12-18 17:00:56,normal,chat,,8
602,331,2164,2025-02-03 04:03:57,2025-02-04 04:03:57,low,email,,9
603,161,1559,2024-12-16 22:30:53,2024-12-16 23:30:53,urgent,email,5,9
604,389,2352,2024-07-22 18:15:10,2024-07-28 21:15:10,normal,chat,3,6
605,375,2284,2024-11-10 15:18:45,2024-11-16 18:18:45,low,email,3,9
606,375,,2025-12-05 09:39:26,2025-12-08 14:39:26,low,email,4,9
607,499,2723,2025-11-17 15:07:18,2025-11-22 19:07:18,low,email,4,6
608,580,3010,2025-12-12 21:53:08,2025-12-17 23:53:08,normal,phone,4,9
609,266,1929,2025-02-10 23:52:47,2025-02-13 14:52:47,normal,chat,5,8
610,517,,2024-04-17 23:36:15,2024-04-19 14:36:15,normal,chat,4,9
611,339,2213,2025-03-14 21:04:03,,normal,chat,,8
612,308,2061,2025-11-26 19:50:58,2025-11-28 13:50:58,normal,email,5,9
613,33,1062,2024-12-31 04:49:26,2025-01-04 10:49:26,low,chat,3,9
614,321,2097,2025-07-20 19:14:32,2025-07-21 06:14:32,urgent,email,5,7
615,167,1612,2024-12-01 19:23:53,2024-12-02 16:23:53,low,chat,4,7
616,250,1862,2025-07-19 20:19:48,2025-07-20 18:19:48,high,email,5,9
617,124,,2025-09-19 14:34:19,2025-09-25 12:34:19,normal,phone,,6
618,160,1551,2025-03-26 21:05:44,2025-04-02 04:05:44,normal,email,2,9
619,177,1629,2024-06-04 22:20:10,2024-06-06 20:20:10,normal,email,4,7
620,335,2189,2024-12-05 16:12:21,2024-12-08 19:12:21,low,email,4,9
621,332,2179,2024-10-18 00:53:56,2024-10-22 00:53:56,low,phone,,6
622,435,2493,2024-08-23 05:10:31,2024-08-29 09:10:31,normal,chat,2,9
623,204,1710,2025-01-29 10:41:53,2025-02-03 09:41:53,normal,chat,3,7
624,275,1957,2025-12-03 02:11:06,,low,chat,,6
625,36,,2025-08-29 11:39:10,2025-08-31 09:39:10,normal,chat,,8
626,147,1488,2024-11-13 15:27:54,2024-11-19 15:27:54,low,email,2,7
627,93,1280,2024-11-24 18:11:02,2024-11-25 04:11:02,low,email,5,7
628,280,1981,2025-08-24 03:03:18,2025-08-29 13:03:18,normal,email,2,8
629,337,,2025-03-20 18:37:34,2025-03-21 18:37:34,low,chat,5,9
630,572,2985,2024-05-04 19:43:24,2024-05-09 16:43:24,normal,chat,2,7
631,513,2789,2024-11-29 22:20:51,2024-12-03 01:20:51,low,email,,8
632,583,3024,2025-07-26 23:08:58,2025-07-28 19:08:58,low,email,3,8
633,65,1160,2025-10-24 23:25:29,2025-10-29 06:25:29,low,email,3,8
634,7,1016,2024-11-25 01:05:04,2024-11-25 14:05:04,low,email,5,6
635,339,,2024-12-06 19:11:32,2024-12-12 01:11:32,low,chat,,8
636,396,2375,2024-05-17 00:27:42,2024-05-20 17:27:42,low,chat,4,9
637,331,2161,2025-08-08 19:48:21,2025-08-14 00:48:21,low,phone,3,7
638,119,,2025-12-16 16:25:42,2025-12-17 18:25:42,normal,email,,8
639,280,,2025-11-13 15:17:19,2025-11-13 23:17:19,high,chat,,8
640,547,2896,2025-10-21 23:34:44,2025-10-23 07:34:44,normal,email,5,8
641,243,1845,2025-04-23 13:37:30,2025-04-24 13:37:30,low,email,4,8
642,596,3053,2025-10-15 23:55:16,2025-10-18 11:55:16,low,phone,5,9
643,402,2386,2024-12-04 20:42:16,,high,phone,,7
644,263,1909,2025-04-22 20:39:19,2025-04-24 02:39:19,high,chat,4,7
645,464,2597,2025-09-18 04:53:16,2025-09-23 10:53:16,normal,chat,3,9
646,119,1381,2025-01-21 02:17:08,,normal,email,,6
647,435,2494,2024-11-20 15:54:44,2024-11-20 22:54:44,high,chat,4,6
648,519,2807,2025-08-16 05:02:24,2025-08-16 19:02:24,normal,phone,5,7
649,449,2543,2024-07-06 17:35:54,2024-07-07 03:35:54,high,email,5,7
650,71,1197,2024-02-28 17:57:52,2024-03-01 18:57:52,low,email,,9
651,53,1128,2024-11-28 03:27:53,2024-12-04 18:27:53,normal,phone,3,9
652,53,,2024-03-21 22:13:49,2024-03-27 17:13:49,normal,phone,3,8
653,520,2809,2024-09-13 14:12:23,2024-09-17 01:12:23,low,email,3,6
654,129,1423,2025-12-14 23:08:40,2025-12-15 06:08:40,urgent,email,,6
655,407,2410,2025-04-28 16:48:39,2025-05-04 10:48:39,low,email,3,8
656,299,2040,2025-12-15 02:42:34,2025-12-16 01:42:34,high,chat,5,9
657,505,,2024-11-06 23:38:57,2024-11-07 11:38:57,normal,email,,9
658,112,1361,2025-03-27 19:32:53,2025-03-29 16:32:53,normal,email,5,8
659,305,2050,2025-01-01 05:33:25,2025-01-01 21:33:25,high,email,4,8
660,572,2990,2024-06-07 22:26:16,2024-06-09 11:26:16,normal,chat,5,9
661,71,1200,2024-02-26 14:45:20,2024-02-27 06:45:20,low,phone,,7
662,124,1398,2025-05-01 23:18:23,2025-05-04 17:18:23,low,chat,,9
663,86,,2025-07-05 19:05:36,2025-07-07 07:05:36,high,email,,9
664,384,2317,2025-08-27 17:19:59,2025-08-28 12:19:59,high,email,5,9
665,109,1339,2025-06-09 11:49:14,2025-06-10 14:49:14,low,chat,4,9
666,500,2733,2025-08-17 16:49:33,2025-08-18 21:49:33,normal,chat,,7
667,306,,2024-07-09 21:10:06,2024-07-10 16:10:06,normal,chat,,6
668,400,2382,2025-07-14 21:17:20,2025-07-16 21:17:20,high,email,,6
669,313,,2025-07-01 21:35:29,2025-07-02 22:35:29,low,chat,,9
670,312,2066,2024-01-21 03:29:39,2024-01-24 23:29:39,normal,email,4,7
671,486,,2025-11-18 23:48:55,2025-11-22 20:48:55,low,email,3,8
672,266,1926,2025-02-28 09:45:54,,normal,email,,6
673,27,1042,2025-10-15 13:20:36,2025-10-19 08:20:36,low,email,3,7
674,511,2785,2024-12-03 01:03:10,2024-12-04 16:03:10,low,chat,4,9
675,243,,2025-01-28 21:07:47,2025-02-02 14:07:47,normal,phone,,8
676,129,1412,2025-07-01 20:12:46,2025-07-02 15:12:46,high,phone,,9
677,227,1803,2025-03-15 19:14:08,2025-03-19 21:14:08,normal,email,3,9
678,54,1135,2025-10-17 14:36:45,2025-10-18 22:36:45,low,email,5,7
679,476,2626,2025-04-04 01:52:08,2025-04-06 08:52:08,normal,email,5,6
680,417,2443,2024-12-08 16:57:18,2024-12-15 00:57:18,low,phone,3,9
681,230,1814,2025-04-12 15:19:05,2025-04-16 13:19:05,normal,chat,3,7
682,400,2380,2025-04-20 02:23:57,2025-04-20 18:23:57,high,email,,7
683,565,2960,2025-01-27 06:47:56,2025-01-28 14:47:56,low,chat,,9
684,418,2447,2025-04-14 22:36:59,2025-04-17 07:36:59,normal,chat,,7
685,408,,2025-01-05 13:52:56,2025-01-08 16:52:56,low,email,,8
686,97,1300,2025-08-31 09:02:21,2025-09-02 21:02:21,low,chat,,6
687,99,1304,2025-12-24 22:11:43,2025-12-28 13:11:43,low,email,4,9
688,336,2192,2025-11-18 17:16:31,2025-11-19 03:16:31,low,chat,5,8
689,95,1291,2025-09-29 17:04:52,2025-09-30 21:04:52,normal,email,,8
690,12,1024,2025-09-16 08:02:31,2025-09-21 10:02:31,low,phone,3,9
691,328,2136,2025-12-06 03:24:36,,urgent,email,,6
692,146,1478,2025-10-08 00:17:09,,normal,phone,,8
693,165,1592,2025-05-13 17:53:39,2025-05-14 03:53:39,low,chat,5,6
694,513,,2024-08-24 17:35:36,2024-08-25 12:35:36,low,email,5,8
695,413,2428,2025-01-14 17:33:15,2025-01-19 00:33:15,low,chat,4,7
696,511,,2025-09-29 21:53:00,2025-10-04 11:53:00,normal,phone,2,6
697,165,1593,2025-12-09 14:03:13,2025-12-10 13:03:13,high,email,5,9
698,3,1005,2025-09-28 18:26:46,2025-10-05 06:26:46,normal,email,2,9
699,67,1164,2025-06-01 18:46:50,2025-06-03 08:46:50,low,chat,4,8
700,83,1243,2024-07-07 09:30:08,2024-07-11 15:30:08,low,chat,3,6
701,391,,2025-11-10 16:49:26,2025-11-11 03:49:26,normal,email,5,9
702,101,1309,2025-08-08 22:47:06,2025-08-10 14:47:06,low,email,4,7
703,493,2701,2025-12-08 20:45:34,2025-12-09 16:45:34,normal,phone,5,7
704,542,2875,2025-09-24 00:31:55,2025-09-29 11:31:55,low,email,2,7
705,556,2935,2025-11-19 22:37:36,2025-11-20 03:37:36,high,chat,4,6
706,204,1705,2024-11-18 01:31:11,2024-11-18 05:31:11,high,chat,5,8
707,534,2838,2025-03-31 22:51:28,2025-04-06 13:51:28,low,chat,,6
708,441,2515,2025-01-11 00:05:23,2025-01-11 21:05:23,low,chat,,9
709,331,,2025-10-24 19:54:47,2025-10-29 11:54:47,low,chat,3,9
710,197,1681,2025-11-27 13:01:55,,normal,chat,,7
711,277,1967,2024-09-13 18:39:53,2024-09-15 07:39:53,high,chat,5,8
712,204,,2024-11-07 04:47:11,2024-11-09 01:47:11,normal,email,,6
713,284,1994,2025-09-24 08:31:40,2025-09-30 20:31:40,normal,chat,2,8
714,182,1645,2025-09-09 10:54:52,2025-09-15 00:54:52,normal,phone,2,7
715,332,2175,2024-11-28 04:20:51,2024-12-04 11:20:51,normal,chat,1,9
716,324,2105,2025-01-26 21:28:20,2025-01-27 11:28:20,high,email,5,8
717,216,,2025-12-20 20:09:36,2025-12-24 00:09:36,low,email,4,7
718,541,2873,2025-11-24 02:19:37,2025-11-26 23:19:37,low,phone,3,8
719,539,2857,2025-01-16 01:19:14,2025-01-18 06:19:14,normal,chat,4,7
720,132,1433,2024-11-29 05:15:03,,normal,chat,,7
721,90,1272,2025-10-21 11:13:11,2025-10-23 20:13:11,normal,phone,,8
722,429,2478,2024-08-21 04:21:50,2024-08-25 04:21:50,normal,chat,3,6
723,24,1037,2024-04-15 23:07:54,,low,email,,8
724,328,2139,2024-11-15 16:51:28,2024-11-20 05:51:28,normal,chat,2,8
725,541,2864,2025-10-01 16:27:38,2025-10-04 06:27:38,low,email,3,6
726,218,1775,2025-01-15 16:46:54,2025-01-16 19:46:54,high,chat,4,8
727,556,2936,2025-11-11 15:41:41,2025-11-11 21:41:41,normal,chat,5,7
728,132,1430,2024-02-22 04:15:07,2024-02-26 04:15:07,low,email,3,7
729,207,1731,2025-07-17 01:13:47,2025-07-17 22:13:47,low,chat,,7
730,426,2473,2025-04-14 18:36:07,2025-04-16 07:36:07,high,email,5,7
731,331,2160,2025-09-03 00:24:35,2025-09-07 02:24:35,normal,email,4,9
732,197,,2025-07-06 03:41:51,2025-07-07 21:41:51,normal,email,,9
733,319,2092,2025-02-18 23:41:16,2025-02-20 22:41:16,low,email,4,6
734,541,,2025-11-13 17:00:02,2025-11-16 05:00:02,low,email,4,8
735,299,2041,2025-11-14 23:10:05,2025-11-17 08:10:05,normal,email,,9
736,389,2351,2024-07-31 20:10:02,2024-08-03 14:10:02,low,email,3,6
737,524,2816,2025-11-14 00:26:30,2025-11-17 20:26:30,normal,email,3,7
738,579,3004,2025-11-05 20:31:53,2025-11-09 06:31:53,low,chat,4,7
739,362,,2024-12-14 03:37:07,2024-12-20 17:37:07,low,chat,3,6
740,166,1599,2025-11-13 15:46:53,2025-11-17 02:46:53,normal,email,3,6
741,530,2827,2025-03-28 02:04:53,2025-04-03 07:04:53,normal,email,2,6
742,75,,2025-08-16 14:36:44,2025-08-21 11:36:44,normal,email,,6
743,163,1582,2025-12-15 05:42:30,2025-12-15 18:42:30,normal,email,4,8
744,198,1684,2025-11-01 06:08:22,2025-11-07 07:08:22,low,chat,2,8
745,389,2350,2024-03-12 13:57:18,2024-03-15 12:57:18,low,chat,,6
746,290,2003,2025-01-05 11:51:05,2025-01-06 01:51:05,normal,email,5,9
747,517,,2024-04-20 03:08:15,2024-04-26 00:08:15,low,email,4,6
748,493,2699,2025-12-12 20:49:08,2025-12-18 13:49:08,low,email,,8
749,185,1652,2024-08-20 22:14:44,2024-08-25 23:14:44,low,chat,4,8
750,375,2295,2025-11-22 16:13:53,2025-11-23 03:13:53,high,phone,,8
751,435,2494,2024-11-22 15:16:44,2024-11-28 12:16:44,low,email,3,6
752,527,2823,2025-12-04 08:01:37,2025-12-05 14:01:37,high,chat,4,6
753,75,1214,2025-06-13 00:39:50,2025-06-13 06:39:50,low,email,5,8
754,465,2602,2024-11-30 15:19:31,2024-12-04 16:19:31,normal,email,,8
755,124,1396,2025-09-04 14:30:19,2025-09-10 14:30:19,low,email,2,6
756,207,1734,2025-10-17 04:02:27,2025-10-17 09:02:27,high,email,4,8
757,378,2302,2025-11-21 13:05:41,2025-11-26 22:05:41,low,chat,2,6
758,530,2828,2025-03-25 01:20:31,2025-03-25 09:20:31,low,email,4,6
759,204,,2024-06-07 18:03:27,2024-06-11 03:03:27,low,email,3,6
760,445,,2025-01-21 01:29:05,2025-01-21 23:29:05,low,email,4,6
761,407,2399,2024-01-26 19:48:28,2024-02-01 22:48:28,low,email,,8
762,238,1835,2025-01-14 13:04:16,2025-01-18 23:04:16,low,chat,3,6
763,269,1942,2024-08-19 09:56:53,2024-08-23 02:56:53,low,chat,4,8
764,183,1648,2025-06-01 21:39:31,2025-06-04 16:39:31,normal,email,,9
765,375,2296,2025-01-13 15:30:34,2025-01-18 20:30:34,low,phone,3,9
766,5,1011,2025-05-22 03:23:02,2025-05-23 17:23:02,high,email,,6
767,67,1167,2024-12-21 09:50:47,2024-12-27 12:50:47,normal,phone,,9
768,576,3000,2025-11-03 10:48:42,2025-11-07 05:48:42,normal,chat,4,8
769,128,,2025-10-19 02:26:51,2025-10-19 07:26:51,high,email,,9
770,402,2391,2024-10-09 21:28:47,2024-10-14 02:28:47,low,email,4,6
771,234,1828,2025-06-21 22:46:20,2025-06-25 23:46:20,low,email,3,8
772,375,2287,2025-10-31 16:24:05,2025-11-03 23:24:05,low,email,5,6
773,452,2556,2025-09-15 17:15:24,2025-09-18 14:15:24,low,email,3,9
774,110,1346,2025-06-26 00:09:24,2025-06-26 08:09:24,low,chat,4,8
775,412,,2025-12-14 01:15:36,2025-12-14 10:15:36,low,phone,5,9
776,541,2863,2025-09-23 20:55:25,2025-09-28 21:55:25,normal,email,2,6
777,319,2090,2025-09-17 18:18:52,2025-09-22 02:18:52,normal,chat,3,7
778,227,1803,2025-03-24 21:16:08,2025-03-28 01:16:08,normal,chat,3,6
779,138,1453,2025-12-26 00:40:03,2025-12-29 07:40:03,low,chat,3,8
780,489,2678,2025-12-20 01:03:25,2025-12-22 00:03:25,low,chat,5,6
781,7,1016,2024-11-16 00:03:04,2024-11-18 17:03:04,low,chat,,6
782,146,1479,2025-11-29 22:00:06,2025-11-30 10:00:06,normal,chat,5,9
783,53,1130,2024-05-31 14:55:26,2024-06-05 13:55:26,low,phone,3,9
784,147,1492,2025-12-12 21:54:10,2025-12-16 14:54:10,low,email,3,6
785,240,1837,2025-10-25 10:44:02,2025-10-30 20:44:02,low,email,,9
786,177,1628,2024-07-03 16:44:13,2024-07-08 20:44:13,normal,chat,3,7
787,571,2980,2025-12-11 11:13:55,2025-12-17 00:13:55,low,email,3,9
788,339,,2024-12-01 02:37:32,2024-12-01 09:37:32,urgent,email,5,7
789,282,1987,2025-10-15 02:51:35,2025-10-15 13:51:35,low,email,,7
790,129,1412,2025-07-02 16:56:46,2025-07-02 23:56:46,high,chat,,7
791,547,2898,2025-08-30 16:07:02,2025-09-05 01:07:02,normal,phone,,9
792,261,1898,2025-04-12 19:12:57,2025-04-17 12:12:57,low,chat,,8
793,486,2664,2025-11-29 00:48:55,2025-11-29 05:48:55,high,chat,5,6
794,129,,2025-11-11 19:45:10,2025-11-13 02:45:10,high,email,4,6
795,5,,2025-08-26 03:26:51,2025-08-27 21:26:51,normal,chat,4,9
796,99,1307,2025-12-28 20:51:23,2025-12-29 21:51:23,low,email,4,9
797,581,3015,2025-11-16 16:42:07,2025-11-19 12:42:07,normal,chat,3,6
798,547,2901,2025-09-14 13:38:04,2025-09-15 01:38:04,urgent,email,4,7
799,510,,2025-11-08 23:36:03,2025-11-12 15:36:03,normal,email,3,9
800,462,2582,2025-07-01 13:19:42,2025-07-07 15:19:42,normal,email,,7
801,410,2422,2024-02-09 00:07:47,2024-02-09 06:07:47,high,email,5,8
802,249,1851,2025-05-22 11:33:36,2025-05-22 18:33:36,low,chat,5,6
803,164,1585,2025-05-10 15:32:22,2025-05-15 21:32:22,normal,phone,3,7
804,64,1159,2025-11-16 07:57:54,2025-11-18 04:57:54,normal,chat,5,9
805,508,2765,2025-01-07 18:33:43,2025-01-12 00:33:43,low,email,2,7
806,238,1834,2025-11-22 22:36:53,2025-11-23 12:36:53,low,chat,,7
807,78,1222,2024-07-24 18:20:43,2024-07-29 02:20:43,normal,chat,2,6
808,77,1217,2025-03-29 20:17:51,2025-03-31 09:17:51,normal,phone,3,8
809,165,1595,2025-05-18 20:22:15,2025-05-20 10:22:15,high,phone,5,7
810,223,1781,2025-06-10 16:36:53,2025-06-11 19:36:53,high,chat,4,6
811,155,1538,2024-10-14 00:38:56,2024-10-20 02:38:56,normal,phone,2,6
812,402,2389,2025-04-22 19:22:20,2025-04-26 15:22:20,normal,email,4,9
813,581,3017,2024-09-29 02:29:04,2024-09-29 07:29:04,high,chat,5,7
814,71,,2024-03-27 14:21:12,2024-04-01 01:21:12,normal,chat,3,7
815,327,2130,2025-04-14 11:55:13,2025-04-16 00:55:13,normal,chat,4,8
816,474,,2024-07-04 05:47:30,2024-07-05 13:47:30,high,email,5,6
817,275,1959,2024-12-24 04:33:12,2024-12-24 22:33:12,low,chat,5,7
818,129,1414,2025-07-03 17:24:47,2025-07-06 10:24:47,low,chat,4,9
819,148,1498,2025-11-26 18:33:48,2025-11-29 00:33:48,low,email,4,6
820,526,2818,2024-11-28 16:32:49,2024-12-02 06:32:49,low,chat,4,8
821,168,1616,2024-11-02 14:05:42,2024-11-06 16:05:42,low,chat,,9
822,165,1598,2025-04-04 23:27:44,2025-04-10 00:27:44,low,email,3,6
823,71,1196,2024-11-20 02:15:06,2024-11-20 12:15:06,low,chat,,8
824,312,2067,2025-09-03 02:16:58,2025-09-05 17:16:58,normal,email,,8
825,228,1809,2024-03-18 20:31:05,2024-03-19 20:31:05,high,phone,4,7
826,446,2537,2025-12-11 00:15:40,2025-12-14 09:15:40,normal,email,3,6
827,519,,2025-08-17 03:04:24,2025-08-22 11:04:24,normal,email,,7
828,542,2875,2025-09-20 04:07:55,2025-09-21 16:07:55,normal,chat,4,6
829,185,1659,2025-04-04 22:30:28,2025-04-11 04:30:28,low,email,3,7
830,576,3002,2025-12-28 05:04:44,,normal,chat,3,7
831,500,2731,2025-09-06 07:23:26,2025-09-06 22:23:26,high,chat,4,6
832,353,2237,2025-05-20 22:58:25,2025-05-25 04:58:25,normal,email,4,8
833,140,1469,2025-02-04 23:56:43,2025-02-10 00:56:43,low,email,,9
834,264,1917,2025-08-01 18:51:42,,normal,email,,6
835,479,2635,2025-10-17 10:47:37,,normal,chat,,8
836,152,1526,2025-09-28 23:29:40,2025-10-02 08:29:40,low,phone,,6
837,449,,2024-05-16 23:51:09,2024-05-17 22:51:09,high,chat,,8
838,224,1791,2025-12-28 21:19:01,2025-12-29 06:19:01,low,chat,5,6
839,71,1190,2024-04-16 14:08:13,2024-04-20 19:08:13,low,chat,,6
840,486,,2025-08-06 15:46:30,2025-08-07 01:46:30,normal,chat,5,8
841,326,2121,2025-05-18 04:29:34,2025-05-18 21:29:34,normal,phone,,6
842,148,1494,2025-10-21 23:28:01,2025-10-27 23:28:01,normal,email,3,7
843,451,2552,2024-04-10 08:15:24,2024-04-13 10:15:24,normal,phone,,8
844,223,,2025-04-18 13:04:18,2025-04-21 04:04:18,low,phone,5,7
845,147,,2024-11-05 11:58:54,2024-11-11 06:58:54,normal,chat,4,9
846,40,,2024-11-20 16:54:57,2024-11-21 00:54:57,low,chat,,6
847,71,1195,2024-03-07 02:35:59,2024-03-11 08:35:59,normal,phone,4,8
848,269,1943,2024-10-13 17:37:11,2024-10-15 06:37:11,low,phone,,7
849,407,,2024-12-21 18:52:10,2024-12-27 05:52:10,normal,chat,4,8
850,331,2164,2025-01-30 03:49:57,,low,chat,,9
851,584,3030,2025-11-08 15:24:10,2025-11-10 01:24:10,normal,email,5,8
852,493,,2025-08-02 14:33:48,2025-08-08 16:33:48,low,phone,3,6
853,149,,2025-12-11 22:44:45,2025-12-18 07:44:45,normal,email,2,7
854,238,1833,2025-01-18 17:35:58,2025-01-20 05:35:58,normal,chat,4,8
855,149,1505,2025-12-13 02:42:59,2025-12-14 15:42:59,low,email,,7
856,569,2972,2025-11-01 20:55:04,2025-11-02 20:55:04,normal,phone,4,7
857,139,,2025-11-14 21:53:54,2025-11-19 17:53:54,normal,email,,8
858,185,,2025-05-17 22:49:39,2025-05-23 03:49:39,low,phone,3,8
859,565,2957,2024-08-12 06:03:01,,normal,email,,6
860,205,1711,2025-11-09 17:04:45,2025-11-16 05:04:45,normal,chat,3,9
861,481,2649,2025-11-12 12:18:44,2025-11-13 23:18:44,high,phone,5,8
862,451,,2024-12-29 00:41:07,2024-12-29 08:41:07,high,chat,5,9
863,551,2922,2024-08-04 17:53:57,2024-08-07 11:53:57,low,chat,,7
864,225,1799,2025-04-14 14:42:12,2025-04-14 20:42:12,normal,email,5,6
865,216,1763,2025-12-19 18:27:58,2025-12-22 03:27:58,low,chat,4,6
866,502,2745,2025-10-28 16:45:32,2025-10-28 20:45:32,normal,phone,,6
867,99,,2025-12-03 19:22:38,2025-12-06 03:22:38,low,email,4,7
868,89,,2024-12-20 21:28:21,2024-12-21 09:28:21,normal,chat,,8
869,274,1953,2025-11-13 19:26:12,2025-11-18 23:26:12,low,email,2,8
870,298,2029,2025-12-19 11:04:39,2025-12-22 00:04:39,low,email,3,8
871,417,2433,2025-12-06 20:37:07,2025-12-09 11:37:07,low,chat,4,9
872,464,2596,2025-04-03 05:37:17,2025-04-06 17:37:17,normal,chat,3,8
873,361,2252,2025-01-01 22:20:51,2025-01-06 05:20:51,low,email,,7
